employee_id,absence_reason_code,absence_month,weekday_code,season_indicator,commute_cost,commute_distance,years_at_company,employee_age,daily_workload,performance_target,disciplinary_action,education_level,dependents,alcohol_consumption,tobacco_use,pet_count,body_weight_kg,body_height_cm,bmi_score,absence_duration_hours,engagement_level,bmi_category,age_group,tenure_group,health_risk_score,commute_burden,is_friday,is_monday,workload_per_performance,lifestyle_blend,age_workload_interaction,no_justification,high_dependents,predicted_engagement_level,predicted_engagement_label
11,26,7,3,1,289,36,13,33,239.554,97,0,1,2,1,0,1,90,172,30,4,1,2,1,2,2,10404,0,0,2.4696286113784938,30,7905.282,0,0,1,Moderately Engaged
36,0,7,3,1,118,13,18,50,239.554,97,1,1,1,1,0,0,98,178,31,0,0,3,2,2,2,1534,0,0,2.4696286113784938,31,11977.7,1,0,0,Highly Engaged
3,23,7,4,1,179,51,18,38,239.554,97,0,1,0,1,0,0,89,170,31,2,1,3,1,2,2,9129,0,0,2.4696286113784938,31,9103.052,0,0,1,Moderately Engaged
7,7,7,5,1,279,5,14,39,239.554,97,0,1,2,1,1,0,68,168,24,4,1,1,1,2,2,1395,0,0,2.4696286113784938,25,9342.606,0,0,1,Moderately Engaged
11,23,7,5,1,289,36,13,33,239.554,97,0,1,2,1,0,1,90,172,30,2,1,2,1,2,2,10404,0,0,2.4696286113784938,30,7905.282,0,0,1,Moderately Engaged
3,23,7,6,1,179,51,18,38,239.554,97,0,1,0,1,0,0,89,170,31,2,1,3,1,2,2,9129,1,0,2.4696286113784938,31,9103.052,0,0,1,Moderately Engaged
10,22,7,6,1,361,52,3,28,239.554,97,0,1,1,1,0,4,80,172,27,8,1,2,0,0,1,18772,1,0,2.4696286113784938,27,6707.512,0,0,1,Moderately Engaged
20,23,7,6,1,260,50,11,36,239.554,97,0,1,4,1,0,0,65,168,23,4,1,1,1,2,1,13000,1,0,2.4696286113784938,23,8623.944,0,1,1,Moderately Engaged
14,19,7,2,1,155,12,14,34,239.554,97,0,1,2,1,0,0,95,196,25,26,2,1,1,2,1,1860,0,1,2.4696286113784938,25,8144.836,0,0,2,At-Risk
1,22,7,2,1,235,11,14,37,239.554,97,0,3,1,0,0,1,88,172,29,8,1,2,1,2,0,2585,0,1,2.4696286113784938,0,8863.498,0,0,1,Moderately Engaged
20,1,7,2,1,260,50,11,36,239.554,97,0,1,4,1,0,0,65,168,23,8,1,1,1,2,1,13000,0,1,2.4696286113784938,23,8623.944,0,1,1,Moderately Engaged
20,1,7,3,1,260,50,11,36,239.554,97,0,1,4,1,0,0,65,168,23,8,1,1,1,2,1,13000,0,0,2.4696286113784938,23,8623.944,0,1,1,Moderately Engaged
20,11,7,4,1,260,50,11,36,239.554,97,0,1,4,1,0,0,65,168,23,8,1,1,1,2,1,13000,0,0,2.4696286113784938,23,8623.944,0,1,1,Moderately Engaged
3,11,7,4,1,179,51,18,38,239.554,97,0,1,0,1,0,0,89,170,31,1,1,3,1,2,2,9129,0,0,2.4696286113784938,31,9103.052,0,0,1,Moderately Engaged
3,23,7,4,1,179,51,18,38,239.554,97,0,1,0,1,0,0,89,170,31,4,1,3,1,2,2,9129,0,0,2.4696286113784938,31,9103.052,0,0,1,Moderately Engaged
24,14,7,6,1,246,25,16,41,239.554,97,0,1,0,1,0,0,67,170,23,8,1,1,2,2,1,6150,1,0,2.4696286113784938,23,9821.714,0,0,1,Moderately Engaged
3,23,7,6,1,179,51,18,38,239.554,97,0,1,0,1,0,0,89,170,31,2,1,3,1,2,2,9129,1,0,2.4696286113784938,31,9103.052,0,0,1,Moderately Engaged
3,21,7,2,1,179,51,18,38,239.554,97,0,1,0,1,0,0,89,170,31,8,1,3,1,2,2,9129,0,1,2.4696286113784938,31,9103.052,0,0,1,Moderately Engaged
6,11,7,5,1,189,29,13,33,239.554,97,0,1,2,0,0,2,69,167,25,8,1,1,1,2,0,5481,0,0,2.4696286113784938,0,7905.282,0,0,1,Moderately Engaged
33,23,8,4,1,248,25,14,47,205.917,92,0,1,2,0,0,1,86,165,32,2,1,3,2,2,1,6200,0,0,2.238228017583911,0,9678.099,0,0,1,Moderately Engaged
18,10,8,4,1,330,16,4,28,205.917,92,0,2,0,0,0,0,84,182,25,8,1,1,0,0,0,5280,0,0,2.238228017583911,0,5765.676,0,0,1,Moderately Engaged
3,11,8,2,1,179,51,18,38,205.917,92,0,1,0,1,0,0,89,170,31,1,1,3,1,2,2,9129,0,1,2.238228017583911,31,7824.8460000000005,0,0,1,Moderately Engaged
10,13,8,2,1,361,52,3,28,205.917,92,0,1,1,1,0,4,80,172,27,26,2,2,0,0,1,18772,0,1,2.238228017583911,27,5765.676,0,0,1,Moderately Engaged
20,28,8,6,1,260,50,11,36,205.917,92,0,1,4,1,0,0,65,168,23,4,1,1,1,2,1,13000,1,0,2.238228017583911,23,7413.012,0,1,1,Moderately Engaged
11,18,8,2,1,289,36,13,33,205.917,92,0,1,2,1,0,1,90,172,30,8,1,2,1,2,2,10404,0,1,2.238228017583911,30,6795.261,0,0,1,Moderately Engaged
10,25,8,2,1,361,52,3,28,205.917,92,0,1,1,1,0,4,80,172,27,7,1,2,0,0,1,18772,0,1,2.238228017583911,27,5765.676,0,0,1,Moderately Engaged
11,23,8,3,1,289,36,13,33,205.917,92,0,1,2,1,0,1,90,172,30,1,1,2,1,2,2,10404,0,0,2.238228017583911,30,6795.261,0,0,1,Moderately Engaged
30,28,8,4,1,157,27,6,29,205.917,92,0,1,0,1,1,0,75,185,22,4,1,1,0,1,2,4239,0,0,2.238228017583911,23,5971.593,0,0,1,Moderately Engaged
11,18,8,4,1,289,36,13,33,205.917,92,0,1,2,1,0,1,90,172,30,8,1,2,1,2,2,10404,0,0,2.238228017583911,30,6795.261,0,0,1,Moderately Engaged
3,23,8,6,1,179,51,18,38,205.917,92,0,1,0,1,0,0,89,170,31,2,1,3,1,2,2,9129,1,0,2.238228017583911,31,7824.8460000000005,0,0,1,Moderately Engaged
3,18,8,2,1,179,51,18,38,205.917,92,0,1,0,1,0,0,89,170,31,8,1,3,1,2,2,9129,0,1,2.238228017583911,31,7824.8460000000005,0,0,1,Moderately Engaged
2,18,8,5,1,235,29,12,48,205.917,92,0,1,1,0,1,5,88,163,33,8,1,3,2,2,2,6815,0,0,2.238228017583911,1,9884.016,0,0,1,Moderately Engaged
1,23,8,5,1,235,11,14,37,205.917,92,0,3,1,0,0,1,88,172,29,4,1,2,1,2,0,2585,0,0,2.238228017583911,0,7618.929,0,0,1,Moderately Engaged
2,18,8,2,1,235,29,12,48,205.917,92,0,1,1,0,1,5,88,163,33,8,1,3,2,2,2,6815,0,1,2.238228017583911,1,9884.016,0,0,1,Moderately Engaged
3,23,8,2,1,179,51,18,38,205.917,92,0,1,0,1,0,0,89,170,31,2,1,3,1,2,2,9129,0,1,2.238228017583911,31,7824.8460000000005,0,0,1,Moderately Engaged
10,23,8,2,1,361,52,3,28,205.917,92,0,1,1,1,0,4,80,172,27,1,1,2,0,0,1,18772,0,1,2.238228017583911,27,5765.676,0,0,1,Moderately Engaged
11,24,8,3,1,289,36,13,33,205.917,92,0,1,2,1,0,1,90,172,30,8,1,2,1,2,2,10404,0,0,2.238228017583911,30,6795.261,0,0,1,Moderately Engaged
19,11,8,5,1,291,50,12,32,205.917,92,0,1,0,1,0,0,65,169,23,4,1,1,1,2,1,14550,0,0,2.238228017583911,23,6589.344,0,0,1,Moderately Engaged
2,28,8,6,1,235,29,12,48,205.917,92,0,1,1,0,1,5,88,163,33,8,1,3,2,2,2,6815,1,0,2.238228017583911,1,9884.016,0,0,1,Moderately Engaged
20,23,8,6,1,260,50,11,36,205.917,92,0,1,4,1,0,0,65,168,23,4,1,1,1,2,1,13000,1,0,2.238228017583911,23,7413.012,0,1,1,Moderately Engaged
27,23,9,3,1,184,42,7,27,241.476,92,0,1,0,0,0,0,58,167,21,2,1,1,0,1,0,7728,0,0,2.624738845137082,0,6519.852,0,0,1,Moderately Engaged
34,23,9,2,1,118,10,10,37,241.476,92,0,1,0,0,0,0,83,172,28,4,1,2,1,1,0,1180,0,1,2.624738845137082,0,8934.612,0,0,1,Moderately Engaged
3,23,9,3,1,179,51,18,38,241.476,92,0,1,0,1,0,0,89,170,31,4,1,3,1,2,2,9129,0,0,2.624738845137082,31,9176.088,0,0,1,Moderately Engaged
5,19,9,3,1,235,20,13,43,241.476,92,0,1,1,1,0,0,106,167,38,8,1,3,2,2,2,4700,0,0,2.624738845137082,38,10383.468,0,0,1,Moderately Engaged
14,23,9,4,1,155,12,14,34,241.476,92,0,1,2,1,0,0,95,196,25,2,1,1,1,2,1,1860,0,0,2.624738845137082,25,8210.184,0,0,1,Moderately Engaged
34,23,9,2,1,118,10,10,37,241.476,92,0,1,0,0,0,0,83,172,28,3,1,2,1,1,0,1180,0,1,2.624738845137082,0,8934.612,0,0,1,Moderately Engaged
3,23,9,3,1,179,51,18,38,241.476,92,0,1,0,1,0,0,89,170,31,3,1,3,1,2,2,9129,0,0,2.624738845137082,31,9176.088,0,0,1,Moderately Engaged
15,23,9,5,1,291,31,12,40,241.476,92,0,1,1,1,0,1,73,171,25,4,1,1,1,2,1,9021,0,0,2.624738845137082,25,9659.04,0,0,1,Moderately Engaged
20,22,9,6,1,260,50,11,36,241.476,92,0,1,4,1,0,0,65,168,23,8,1,1,1,2,1,13000,1,0,2.624738845137082,23,8693.136,0,1,1,Moderately Engaged
15,14,9,2,4,291,31,12,40,241.476,92,0,1,1,1,0,1,73,171,25,26,2,1,1,2,1,9021,0,1,2.624738845137082,25,9659.04,0,0,2,At-Risk
20,0,9,2,4,260,50,11,36,241.476,92,1,1,4,1,0,0,65,168,23,0,0,1,1,2,1,13000,0,1,2.624738845137082,23,8693.136,1,1,0,Highly Engaged
29,0,9,2,4,225,26,9,28,241.476,92,1,1,1,0,0,2,69,169,24,0,0,1,0,1,0,5850,0,1,2.624738845137082,0,6761.3279999999995,1,0,0,Highly Engaged
28,23,9,3,4,225,26,9,28,241.476,92,0,1,1,0,0,2,69,169,24,2,1,1,0,1,0,5850,0,0,2.624738845137082,0,6761.3279999999995,0,0,1,Moderately Engaged
34,23,9,3,4,118,10,10,37,241.476,92,0,1,0,0,0,0,83,172,28,2,1,2,1,1,0,1180,0,0,2.624738845137082,0,8934.612,0,0,1,Moderately Engaged
11,0,9,3,4,289,36,13,33,241.476,92,1,1,2,1,0,1,90,172,30,0,0,2,1,2,2,10404,0,0,2.624738845137082,30,7968.708,1,0,0,Highly Engaged
36,0,9,3,4,118,13,18,50,241.476,92,1,1,1,1,0,0,98,178,31,0,0,3,2,2,2,1534,0,0,2.624738845137082,31,12073.8,1,0,0,Highly Engaged
28,18,9,4,4,225,26,9,28,241.476,92,0,1,1,0,0,2,69,169,24,3,1,1,0,1,0,5850,0,0,2.624738845137082,0,6761.3279999999995,0,0,1,Moderately Engaged
3,23,9,4,4,179,51,18,38,241.476,92,0,1,0,1,0,0,89,170,31,3,1,3,1,2,2,9129,0,0,2.624738845137082,31,9176.088,0,0,1,Moderately Engaged
13,0,9,4,4,369,17,12,31,241.476,92,1,1,3,1,0,0,70,169,25,0,0,1,1,2,1,6273,0,0,2.624738845137082,25,7485.756,1,1,0,Highly Engaged
33,23,9,6,4,248,25,14,47,241.476,92,0,1,2,0,0,1,86,165,32,1,1,3,2,2,1,6200,1,0,2.624738845137082,0,11349.372,0,0,1,Moderately Engaged
3,23,9,6,4,179,51,18,38,241.476,92,0,1,0,1,0,0,89,170,31,3,1,3,1,2,2,9129,1,0,2.624738845137082,31,9176.088,0,0,1,Moderately Engaged
20,23,9,6,4,260,50,11,36,241.476,92,0,1,4,1,0,0,65,168,23,4,1,1,1,2,1,13000,1,0,2.624738845137082,23,8693.136,0,1,1,Moderately Engaged
3,23,10,3,4,179,51,18,38,253.465,93,0,1,0,1,0,0,89,170,31,3,1,3,1,2,2,9129,0,0,2.7254298144699125,31,9631.67,0,0,1,Moderately Engaged
34,23,10,3,4,118,10,10,37,253.465,93,0,1,0,0,0,0,83,172,28,3,1,2,1,1,0,1180,0,0,2.7254298144699125,0,9378.205,0,0,1,Moderately Engaged
36,0,10,4,4,118,13,18,50,253.465,93,1,1,1,1,0,0,98,178,31,0,0,3,2,2,2,1534,0,0,2.7254298144699125,31,12673.25,1,0,0,Highly Engaged
22,23,10,5,4,179,26,9,30,253.465,93,0,3,0,0,0,0,56,171,19,1,1,1,0,1,0,4654,0,0,2.7254298144699125,0,7603.95,0,0,1,Moderately Engaged
3,23,10,6,4,179,51,18,38,253.465,93,0,1,0,1,0,0,89,170,31,3,1,3,1,2,2,9129,1,0,2.7254298144699125,31,9631.67,0,0,1,Moderately Engaged
28,23,10,6,4,225,26,9,28,253.465,93,0,1,1,0,0,2,69,169,24,3,1,1,0,1,0,5850,1,0,2.7254298144699125,0,7097.02,0,0,1,Moderately Engaged
34,23,10,3,4,118,10,10,37,253.465,93,0,1,0,0,0,0,83,172,28,3,1,2,1,1,0,1180,0,0,2.7254298144699125,0,9378.205,0,0,1,Moderately Engaged
28,23,10,4,4,225,26,9,28,253.465,93,0,1,1,0,0,2,69,169,24,2,1,1,0,1,0,5850,0,0,2.7254298144699125,0,7097.02,0,0,1,Moderately Engaged
33,23,10,4,4,248,25,14,47,253.465,93,0,1,2,0,0,1,86,165,32,2,1,3,2,2,1,6200,0,0,2.7254298144699125,0,11912.855,0,0,1,Moderately Engaged
15,23,10,5,4,291,31,12,40,253.465,93,0,1,1,1,0,1,73,171,25,5,1,1,1,2,1,9021,0,0,2.7254298144699125,25,10138.6,0,0,1,Moderately Engaged
3,23,10,4,4,179,51,18,38,253.465,93,0,1,0,1,0,0,89,170,31,8,1,3,1,2,2,9129,0,0,2.7254298144699125,31,9631.67,0,0,1,Moderately Engaged
28,23,10,4,4,225,26,9,28,253.465,93,0,1,1,0,0,2,69,169,24,3,1,1,0,1,0,5850,0,0,2.7254298144699125,0,7097.02,0,0,1,Moderately Engaged
20,19,10,5,4,260,50,11,36,253.465,93,0,1,4,1,0,0,65,168,23,16,2,1,1,2,1,13000,0,0,2.7254298144699125,23,9124.74,0,1,2,At-Risk
15,14,10,3,4,291,31,12,40,253.465,93,0,1,1,1,0,1,73,171,25,8,1,1,1,2,1,9021,0,0,2.7254298144699125,25,10138.6,0,0,2,At-Risk
28,28,10,3,4,225,26,9,28,253.465,93,0,1,1,0,0,2,69,169,24,2,1,1,0,1,0,5850,0,0,2.7254298144699125,0,7097.02,0,0,1,Moderately Engaged
11,26,10,4,4,289,36,13,33,253.465,93,0,1,2,1,0,1,90,172,30,8,1,2,1,2,2,10404,0,0,2.7254298144699125,30,8364.345,0,0,1,Moderately Engaged
10,23,10,6,4,361,52,3,28,253.465,93,0,1,1,1,0,4,80,172,27,1,1,2,0,0,1,18772,1,0,2.7254298144699125,27,7097.02,0,0,1,Moderately Engaged
20,28,10,6,4,260,50,11,36,253.465,93,0,1,4,1,0,0,65,168,23,3,1,1,1,2,1,13000,1,0,2.7254298144699125,23,9124.74,0,1,1,Moderately Engaged
3,23,11,5,4,179,51,18,38,306.345,93,0,1,0,1,0,0,89,170,31,1,1,3,1,2,2,9129,0,0,3.294031903867537,31,11641.11,0,0,1,Moderately Engaged
28,23,11,4,4,225,26,9,28,306.345,93,0,1,1,0,0,2,69,169,24,1,1,1,0,1,0,5850,0,0,3.294031903867537,0,8577.66,0,0,1,Moderately Engaged
3,13,11,5,4,179,51,18,38,306.345,93,0,1,0,1,0,0,89,170,31,8,1,3,1,2,2,9129,0,0,3.294031903867537,31,11641.11,0,0,1,Moderately Engaged
17,21,11,5,4,179,22,17,40,306.345,93,0,2,2,0,1,0,63,170,22,8,1,1,1,2,1,3938,0,0,3.294031903867537,1,12253.800000000001,0,0,1,Moderately Engaged
15,23,11,5,4,291,31,12,40,306.345,93,0,1,1,1,0,1,73,171,25,5,1,1,1,2,1,9021,0,0,3.294031903867537,25,12253.800000000001,0,0,1,Moderately Engaged
14,10,11,2,4,155,12,14,34,306.345,93,0,1,2,1,0,0,95,196,25,26,2,1,1,2,1,1860,0,1,3.294031903867537,25,10415.730000000001,0,0,2,At-Risk
6,22,11,2,4,189,29,13,33,306.345,93,0,1,2,0,0,2,69,167,25,8,1,1,1,2,0,5481,0,1,3.294031903867537,0,10109.385,0,0,1,Moderately Engaged
15,14,11,2,4,291,31,12,40,306.345,93,0,1,1,1,0,1,73,171,25,26,2,1,1,2,1,9021,0,1,3.294031903867537,25,12253.800000000001,0,0,2,At-Risk
28,23,11,4,4,225,26,9,28,306.345,93,0,1,1,0,0,2,69,169,24,1,1,1,0,1,0,5850,0,0,3.294031903867537,0,8577.66,0,0,1,Moderately Engaged
14,6,11,6,4,155,12,14,34,306.345,93,0,1,2,1,0,0,95,196,25,8,1,1,1,2,1,1860,1,0,3.294031903867537,25,10415.730000000001,0,0,1,Moderately Engaged
28,23,11,4,4,225,26,9,28,306.345,93,0,1,1,0,0,2,69,169,24,3,1,1,0,1,0,5850,0,0,3.294031903867537,0,8577.66,0,0,1,Moderately Engaged
17,21,11,4,4,179,22,17,40,306.345,93,0,2,2,0,1,0,63,170,22,8,1,1,1,2,1,3938,0,0,3.294031903867537,1,12253.800000000001,0,0,1,Moderately Engaged
28,13,11,6,4,225,26,9,28,306.345,93,0,1,1,0,0,2,69,169,24,3,1,1,0,1,0,5850,1,0,3.294031903867537,0,8577.66,0,0,1,Moderately Engaged
20,28,11,6,4,260,50,11,36,306.345,93,0,1,4,1,0,0,65,168,23,4,1,1,1,2,1,13000,1,0,3.294031903867537,23,11028.420000000002,0,1,1,Moderately Engaged
33,28,11,2,4,248,25,14,47,306.345,93,0,1,2,0,0,1,86,165,32,1,1,3,2,2,1,6200,0,1,3.294031903867537,0,14398.215000000002,0,0,1,Moderately Engaged
28,28,11,3,4,225,26,9,28,306.345,93,0,1,1,0,0,2,69,169,24,3,1,1,0,1,0,5850,0,0,3.294031903867537,0,8577.66,0,0,1,Moderately Engaged
11,7,11,4,4,289,36,13,33,306.345,93,0,1,2,1,0,1,90,172,30,24,2,2,1,2,2,10404,0,0,3.294031903867537,30,10109.385,0,0,2,At-Risk
15,23,11,5,4,291,31,12,40,306.345,93,0,1,1,1,0,1,73,171,25,3,1,1,1,2,1,9021,0,0,3.294031903867537,25,12253.800000000001,0,0,1,Moderately Engaged
33,23,12,3,4,248,25,14,47,261.306,97,0,1,2,0,0,1,86,165,32,1,1,3,2,2,1,6200,0,0,2.6938760109406172,0,12281.382,0,0,1,Moderately Engaged
34,19,12,3,4,118,10,10,37,261.306,97,0,1,0,0,0,0,83,172,28,26,2,2,1,1,0,1180,0,0,2.6938760109406172,0,9668.322,0,0,2,At-Risk
36,23,12,4,4,118,13,18,50,261.306,97,0,1,1,1,0,0,98,178,31,2,1,3,2,2,2,1534,0,0,2.6938760109406172,31,13065.3,0,0,1,Moderately Engaged
1,26,12,4,4,235,11,14,37,261.306,97,0,3,1,0,0,1,88,172,29,8,1,2,1,2,0,2585,0,0,2.6938760109406172,0,9668.322,0,0,1,Moderately Engaged
28,23,12,5,4,225,26,9,28,261.306,97,0,1,1,0,0,2,69,169,24,2,1,1,0,1,0,5850,0,0,2.6938760109406172,0,7316.567999999999,0,0,1,Moderately Engaged
20,26,12,6,4,260,50,11,36,261.306,97,0,1,4,1,0,0,65,168,23,8,1,1,1,2,1,13000,1,0,2.6938760109406172,23,9407.016,0,1,1,Moderately Engaged
34,19,12,3,4,118,10,10,37,261.306,97,0,1,0,0,0,0,83,172,28,26,2,2,1,1,0,1180,0,0,2.6938760109406172,0,9668.322,0,0,2,At-Risk
10,22,12,4,4,361,52,3,28,261.306,97,0,1,1,1,0,4,80,172,27,8,1,2,0,0,1,18772,0,0,2.6938760109406172,27,7316.567999999999,0,0,1,Moderately Engaged
28,28,12,5,4,225,26,9,28,261.306,97,0,1,1,0,0,2,69,169,24,3,1,1,0,1,0,5850,0,0,2.6938760109406172,0,7316.567999999999,0,0,1,Moderately Engaged
20,28,12,6,4,260,50,11,36,261.306,97,0,1,4,1,0,0,65,168,23,3,1,1,1,2,1,13000,1,0,2.6938760109406172,23,9407.016,0,1,1,Moderately Engaged
28,23,12,3,4,225,26,9,28,261.306,97,0,1,1,0,0,2,69,169,24,2,1,1,0,1,0,5850,0,0,2.6938760109406172,0,7316.567999999999,0,0,1,Moderately Engaged
10,22,12,4,4,361,52,3,28,261.306,97,0,1,1,1,0,4,80,172,27,8,1,2,0,0,1,18772,0,0,2.6938760109406172,27,7316.567999999999,0,0,1,Moderately Engaged
34,27,12,6,4,118,10,10,37,261.306,97,0,1,0,0,0,0,83,172,28,2,1,2,1,1,0,1180,1,0,2.6938760109406172,0,9668.322,0,0,1,Moderately Engaged
24,19,12,6,2,246,25,16,41,261.306,97,0,1,0,1,0,0,67,170,23,8,1,1,2,2,1,6150,1,0,2.6938760109406172,23,10713.545999999998,0,0,1,Moderately Engaged
28,23,12,6,2,225,26,9,28,261.306,97,0,1,1,0,0,2,69,169,24,2,1,1,0,1,0,5850,1,0,2.6938760109406172,0,7316.567999999999,0,0,1,Moderately Engaged
28,23,1,4,2,225,26,9,28,308.593,95,0,1,1,0,0,2,69,169,24,1,1,1,0,1,0,5850,0,0,3.2483470264897867,0,8640.604000000001,0,0,1,Moderately Engaged
34,19,1,2,2,118,10,10,37,308.593,95,0,1,0,0,0,0,83,172,28,1,1,2,1,1,0,1180,0,1,3.2483470264897867,0,11417.941,0,0,2,At-Risk
34,27,1,3,2,118,10,10,37,308.593,95,0,1,0,0,0,0,83,172,28,1,1,2,1,1,0,1180,0,0,3.2483470264897867,0,11417.941,0,0,1,Moderately Engaged
14,18,1,3,2,155,12,14,34,308.593,95,0,1,2,1,0,0,95,196,25,8,1,1,1,2,1,1860,0,0,3.2483470264897867,25,10492.162,0,0,1,Moderately Engaged
28,27,1,4,2,225,26,9,28,308.593,95,0,1,1,0,0,2,69,169,24,2,1,1,0,1,0,5850,0,0,3.2483470264897867,0,8640.604000000001,0,0,1,Moderately Engaged
27,23,1,5,2,184,42,7,27,308.593,95,0,1,0,0,0,0,58,167,21,2,1,1,0,1,0,7728,0,0,3.2483470264897867,0,8332.011,0,0,1,Moderately Engaged
28,28,1,5,2,225,26,9,28,308.593,95,0,1,1,0,0,2,69,169,24,2,1,1,0,1,0,5850,0,0,3.2483470264897867,0,8640.604000000001,0,0,1,Moderately Engaged
28,27,1,6,2,225,26,9,28,308.593,95,0,1,1,0,0,2,69,169,24,1,1,1,0,1,0,5850,1,0,3.2483470264897867,0,8640.604000000001,0,0,1,Moderately Engaged
34,27,1,2,2,118,10,10,37,308.593,95,0,1,0,0,0,0,83,172,28,2,1,2,1,1,0,1180,0,1,3.2483470264897867,0,11417.941,0,0,1,Moderately Engaged
28,27,1,3,2,225,26,9,28,308.593,95,0,1,1,0,0,2,69,169,24,2,1,1,0,1,0,5850,0,0,3.2483470264897867,0,8640.604000000001,0,0,1,Moderately Engaged
34,27,1,3,2,118,10,10,37,308.593,95,0,1,0,0,0,0,83,172,28,2,1,2,1,1,0,1180,0,0,3.2483470264897867,0,11417.941,0,0,1,Moderately Engaged
34,27,1,4,2,118,10,10,37,308.593,95,0,1,0,0,0,0,83,172,28,2,1,2,1,1,0,1180,0,0,3.2483470264897867,0,11417.941,0,0,1,Moderately Engaged
34,27,1,5,2,118,10,10,37,308.593,95,0,1,0,0,0,0,83,172,28,2,1,2,1,1,0,1180,0,0,3.2483470264897867,0,11417.941,0,0,1,Moderately Engaged
34,27,1,6,2,118,10,10,37,308.593,95,0,1,0,0,0,0,83,172,28,2,1,2,1,1,0,1180,1,0,3.2483470264897867,0,11417.941,0,0,1,Moderately Engaged
34,27,1,2,2,118,10,10,37,308.593,95,0,1,0,0,0,0,83,172,28,2,1,2,1,1,0,1180,0,1,3.2483470264897867,0,11417.941,0,0,1,Moderately Engaged
34,27,1,3,2,118,10,10,37,308.593,95,0,1,0,0,0,0,83,172,28,2,1,2,1,1,0,1180,0,0,3.2483470264897867,0,11417.941,0,0,1,Moderately Engaged
22,18,1,3,2,179,26,9,30,308.593,95,0,3,0,0,0,0,56,171,19,8,1,1,0,1,0,4654,0,0,3.2483470264897867,0,9257.79,0,0,1,Moderately Engaged
11,18,1,3,2,289,36,13,33,308.593,95,0,1,2,1,0,1,90,172,30,8,1,2,1,2,2,10404,0,0,3.2483470264897867,30,10183.569000000001,0,0,1,Moderately Engaged
34,27,1,4,2,118,10,10,37,308.593,95,0,1,0,0,0,0,83,172,28,2,1,2,1,1,0,1180,0,0,3.2483470264897867,0,11417.941,0,0,1,Moderately Engaged
27,23,1,5,2,184,42,7,27,308.593,95,0,1,0,0,0,0,58,167,21,2,1,1,0,1,0,7728,0,0,3.2483470264897867,0,8332.011,0,0,1,Moderately Engaged
34,27,1,5,2,118,10,10,37,308.593,95,0,1,0,0,0,0,83,172,28,2,1,2,1,1,0,1180,0,0,3.2483470264897867,0,11417.941,0,0,1,Moderately Engaged
34,27,1,2,2,118,10,10,37,308.593,95,0,1,0,0,0,0,83,172,28,0,0,2,1,1,0,1180,0,1,3.2483470264897867,0,11417.941,0,0,1,Moderately Engaged
28,23,1,3,2,225,26,9,28,308.593,95,0,1,1,0,0,2,69,169,24,1,1,1,0,1,0,5850,0,0,3.2483470264897867,0,8640.604000000001,0,0,1,Moderately Engaged
11,22,1,5,2,289,36,13,33,308.593,95,0,1,2,1,0,1,90,172,30,3,1,2,1,2,2,10404,0,0,3.2483470264897867,30,10183.569000000001,0,0,1,Moderately Engaged
27,23,2,6,2,184,42,7,27,302.585,99,0,1,0,0,0,0,58,167,21,1,1,1,0,1,0,7728,1,0,3.0564138326854713,0,8169.794999999999,0,0,1,Moderately Engaged
24,1,2,4,2,246,25,16,41,302.585,99,0,1,0,1,0,0,67,170,23,8,1,1,2,2,1,6150,0,0,3.0564138326854713,23,12405.984999999999,0,0,2,At-Risk
3,11,2,4,2,179,51,18,38,302.585,99,0,1,0,1,0,0,89,170,31,8,1,3,1,2,2,9129,0,0,3.0564138326854713,31,11498.23,0,0,1,Moderately Engaged
14,28,2,5,2,155,12,14,34,302.585,99,0,1,2,1,0,0,95,196,25,2,1,1,1,2,1,1860,0,0,3.0564138326854713,25,10287.89,0,0,1,Moderately Engaged
6,23,2,5,2,189,29,13,33,302.585,99,0,1,2,0,0,2,69,167,25,8,1,1,1,2,0,5481,0,0,3.0564138326854713,0,9985.304999999998,0,0,1,Moderately Engaged
20,28,2,6,2,260,50,11,36,302.585,99,0,1,4,1,0,0,65,168,23,2,1,1,1,2,1,13000,1,0,3.0564138326854713,23,10893.06,0,1,1,Moderately Engaged
11,22,2,6,2,289,36,13,33,302.585,99,0,1,2,1,0,1,90,172,30,8,1,2,1,2,2,10404,1,0,3.0564138326854713,30,9985.304999999998,0,0,1,Moderately Engaged
31,11,2,2,2,388,15,9,50,302.585,99,0,1,0,0,0,0,76,178,24,8,1,1,2,1,0,5820,0,1,3.0564138326854713,0,15129.249999999998,0,0,1,Moderately Engaged
31,1,2,3,2,388,15,9,50,302.585,99,0,1,0,0,0,0,76,178,24,8,1,1,2,1,0,5820,0,0,3.0564138326854713,0,15129.249999999998,0,0,1,Moderately Engaged
28,28,2,2,2,225,26,9,28,302.585,99,0,1,1,0,0,2,69,169,24,2,1,1,0,1,0,5850,0,1,3.0564138326854713,0,8472.38,0,0,1,Moderately Engaged
28,23,2,3,2,225,26,9,28,302.585,99,0,1,1,0,0,2,69,169,24,2,1,1,0,1,0,5850,0,0,3.0564138326854713,0,8472.38,0,0,1,Moderately Engaged
22,23,2,3,2,179,26,9,30,302.585,99,0,3,0,0,0,0,56,171,19,1,1,1,0,1,0,4654,0,0,3.0564138326854713,0,9077.55,0,0,1,Moderately Engaged
27,23,2,3,2,184,42,7,27,302.585,99,0,1,0,0,0,0,58,167,21,8,1,1,0,1,0,7728,0,0,3.0564138326854713,0,8169.794999999999,0,0,1,Moderately Engaged
28,25,2,5,2,225,26,9,28,302.585,99,0,1,1,0,0,2,69,169,24,3,1,1,0,1,0,5850,0,0,3.0564138326854713,0,8472.38,0,0,1,Moderately Engaged
18,18,2,2,2,330,16,4,28,302.585,99,0,2,0,0,0,0,84,182,25,8,1,1,0,0,0,5280,0,1,3.0564138326854713,0,8472.38,0,0,1,Moderately Engaged
18,23,2,3,2,330,16,4,28,302.585,99,0,2,0,0,0,0,84,182,25,1,1,1,0,0,0,5280,0,0,3.0564138326854713,0,8472.38,0,0,1,Moderately Engaged
28,23,2,4,2,225,26,9,28,302.585,99,0,1,1,0,0,2,69,169,24,1,1,1,0,1,0,5850,0,0,3.0564138326854713,0,8472.38,0,0,1,Moderately Engaged
6,19,2,5,2,189,29,13,33,302.585,99,0,1,2,0,0,2,69,167,25,8,1,1,1,2,0,5481,0,0,3.0564138326854713,0,9985.304999999998,0,0,1,Moderately Engaged
19,28,3,3,2,291,50,12,32,343.253,95,0,1,0,1,0,0,65,169,23,2,1,1,1,2,1,14550,0,0,3.6131890933485162,23,10984.096,0,0,1,Moderately Engaged
20,19,3,3,2,260,50,11,36,343.253,95,0,1,4,1,0,0,65,168,23,8,1,1,1,2,1,13000,0,0,3.6131890933485162,23,12357.108,0,1,1,Moderately Engaged
30,19,3,3,2,157,27,6,29,343.253,95,0,1,0,1,1,0,75,185,22,3,1,1,0,1,2,4239,0,0,3.6131890933485162,23,9954.337,0,0,1,Moderately Engaged
17,17,3,3,2,179,22,17,40,343.253,95,0,2,2,0,1,0,63,170,22,8,1,1,1,2,1,3938,0,0,3.6131890933485162,1,13730.119999999999,0,0,1,Moderately Engaged
15,22,3,4,2,291,31,12,40,343.253,95,0,1,1,1,0,1,73,171,25,8,1,1,1,2,1,9021,0,0,3.6131890933485162,25,13730.119999999999,0,0,1,Moderately Engaged
20,13,3,4,2,260,50,11,36,343.253,95,0,1,4,1,0,0,65,168,23,8,1,1,1,2,1,13000,0,0,3.6131890933485162,23,12357.108,0,1,1,Moderately Engaged
22,13,3,5,2,179,26,9,30,343.253,95,0,3,0,0,0,0,56,171,19,8,1,1,0,1,0,4654,0,0,3.6131890933485162,0,10297.59,0,0,1,Moderately Engaged
33,14,3,6,2,248,25,14,47,343.253,95,0,1,2,0,0,1,86,165,32,3,1,3,2,2,1,6200,1,0,3.6131890933485162,0,16132.891,0,0,1,Moderately Engaged
20,13,3,6,2,260,50,11,36,343.253,95,0,1,4,1,0,0,65,168,23,26,2,1,1,2,1,13000,1,0,3.6131890933485162,23,12357.108,0,1,2,At-Risk
17,11,3,2,2,179,22,17,40,343.253,95,0,2,2,0,1,0,63,170,22,26,2,1,1,2,1,3938,0,1,3.6131890933485162,1,13730.119999999999,0,0,2,At-Risk
14,1,3,2,2,155,12,14,34,343.253,95,0,1,2,1,0,0,95,196,25,16,2,1,1,2,1,1860,0,1,3.6131890933485162,25,11670.601999999999,0,0,2,At-Risk
20,26,3,2,2,260,50,11,36,343.253,95,0,1,4,1,0,0,65,168,23,16,2,1,1,2,1,13000,0,1,3.6131890933485162,23,12357.108,0,1,1,Moderately Engaged
14,13,3,3,2,155,12,14,34,343.253,95,0,1,2,1,0,0,95,196,25,8,1,1,1,2,1,1860,0,0,3.6131890933485162,25,11670.601999999999,0,0,1,Moderately Engaged
11,6,3,5,2,289,36,13,33,343.253,95,0,1,2,1,0,1,90,172,30,8,1,2,1,2,2,10404,0,0,3.6131890933485162,30,11327.349,0,0,1,Moderately Engaged
17,8,3,5,2,179,22,17,40,343.253,95,0,2,2,0,1,0,63,170,22,8,1,1,1,2,1,3938,0,0,3.6131890933485162,1,13730.119999999999,0,0,1,Moderately Engaged
20,28,3,6,2,260,50,11,36,343.253,95,0,1,4,1,0,0,65,168,23,4,1,1,1,2,1,13000,1,0,3.6131890933485162,23,12357.108,0,1,1,Moderately Engaged
28,23,3,6,2,225,26,9,28,343.253,95,0,1,1,0,0,2,69,169,24,1,1,1,0,1,0,5850,1,0,3.6131890933485162,0,9611.083999999999,0,0,1,Moderately Engaged
7,14,3,2,2,279,5,14,39,343.253,95,0,1,2,1,1,0,68,168,24,8,1,1,1,2,2,1395,0,1,3.6131890933485162,25,13386.867,0,0,2,At-Risk
3,13,3,3,2,179,51,18,38,343.253,95,0,1,0,1,0,0,89,170,31,24,2,3,1,2,2,9129,0,0,3.6131890933485162,31,13043.614,0,0,1,Moderately Engaged
28,23,3,4,2,225,26,9,28,343.253,95,0,1,1,0,0,2,69,169,24,2,1,1,0,1,0,5850,0,0,3.6131890933485162,0,9611.083999999999,0,0,1,Moderately Engaged
28,11,3,2,3,225,26,9,28,343.253,95,0,1,1,0,0,2,69,169,24,8,1,1,0,1,0,5850,0,1,3.6131890933485162,0,9611.083999999999,0,0,1,Moderately Engaged
22,13,3,2,3,179,26,9,30,343.253,95,0,3,0,0,0,0,56,171,19,1,1,1,0,1,0,4654,0,1,3.6131890933485162,0,10297.59,0,0,2,At-Risk
28,11,3,3,3,225,26,9,28,343.253,95,0,1,1,0,0,2,69,169,24,8,1,1,0,1,0,5850,0,0,3.6131890933485162,0,9611.083999999999,0,0,1,Moderately Engaged
28,11,3,4,3,225,26,9,28,343.253,95,0,1,1,0,0,2,69,169,24,16,2,1,0,1,0,5850,0,0,3.6131890933485162,0,9611.083999999999,0,0,1,Moderately Engaged
3,13,3,4,3,179,51,18,38,343.253,95,0,1,0,1,0,0,89,170,31,3,1,3,1,2,2,9129,0,0,3.6131890933485162,31,13043.614,0,0,1,Moderately Engaged
7,14,3,5,3,279,5,14,39,343.253,95,0,1,2,1,1,0,68,168,24,16,2,1,1,2,2,1395,0,0,3.6131890933485162,25,13386.867,0,0,2,At-Risk
28,28,3,6,3,225,26,9,28,343.253,95,0,1,1,0,0,2,69,169,24,2,1,1,0,1,0,5850,1,0,3.6131890933485162,0,9611.083999999999,0,0,1,Moderately Engaged
33,14,3,6,3,248,25,14,47,343.253,95,0,1,2,0,0,1,86,165,32,3,1,3,2,2,1,6200,1,0,3.6131890933485162,0,16132.891,0,0,1,Moderately Engaged
28,28,3,2,3,225,26,9,28,343.253,95,0,1,1,0,0,2,69,169,24,1,1,1,0,1,0,5850,0,1,3.6131890933485162,0,9611.083999999999,0,0,1,Moderately Engaged
15,28,4,4,3,291,31,12,40,326.452,96,0,1,1,1,0,1,73,171,25,1,1,1,1,2,1,9021,0,0,3.4005413124436132,25,13058.08,0,0,1,Moderately Engaged
28,23,4,4,3,225,26,9,28,326.452,96,0,1,1,0,0,2,69,169,24,1,1,1,0,1,0,5850,0,0,3.4005413124436132,0,9140.655999999999,0,0,1,Moderately Engaged
14,28,4,3,3,155,12,14,34,326.452,96,0,1,2,1,0,0,95,196,25,1,1,1,1,2,1,1860,0,0,3.4005413124436132,25,11099.368,0,0,1,Moderately Engaged
24,13,4,4,3,246,25,16,41,326.452,96,0,1,0,1,0,0,67,170,23,24,2,1,2,2,1,6150,0,0,3.4005413124436132,23,13384.532,0,0,2,At-Risk
14,23,4,5,3,155,12,14,34,326.452,96,0,1,2,1,0,0,95,196,25,1,1,1,1,2,1,1860,0,0,3.4005413124436132,25,11099.368,0,0,1,Moderately Engaged
28,28,4,6,3,225,26,9,28,326.452,96,0,1,1,0,0,2,69,169,24,2,1,1,0,1,0,5850,1,0,3.4005413124436132,0,9140.655999999999,0,0,1,Moderately Engaged
20,28,4,6,3,260,50,11,36,326.452,96,0,1,4,1,0,0,65,168,23,4,1,1,1,2,1,13000,1,0,3.4005413124436132,23,11752.272,0,1,1,Moderately Engaged
3,13,4,4,3,179,51,18,38,326.452,96,0,1,0,1,0,0,89,170,31,24,2,3,1,2,2,9129,0,0,3.4005413124436132,31,12405.176,0,0,2,At-Risk
36,23,4,5,3,118,13,18,50,326.452,96,0,1,1,1,0,0,98,178,31,1,1,3,2,2,2,1534,0,0,3.4005413124436132,31,16322.6,0,0,1,Moderately Engaged
15,23,4,6,3,291,31,12,40,326.452,96,0,1,1,1,0,1,73,171,25,3,1,1,1,2,1,9021,1,0,3.4005413124436132,25,13058.08,0,0,1,Moderately Engaged
24,14,4,6,3,246,25,16,41,326.452,96,0,1,0,1,0,0,67,170,23,8,1,1,2,2,1,6150,1,0,3.4005413124436132,23,13384.532,0,0,1,Moderately Engaged
15,28,4,6,3,291,31,12,40,326.452,96,0,1,1,1,0,1,73,171,25,1,1,1,1,2,1,9021,1,0,3.4005413124436132,25,13058.08,0,0,1,Moderately Engaged
33,28,4,6,3,248,25,14,47,326.452,96,0,1,2,0,0,1,86,165,32,8,1,3,2,2,1,6200,1,0,3.4005413124436132,0,15343.244,0,0,1,Moderately Engaged
20,19,4,6,3,260,50,11,36,326.452,96,0,1,4,1,0,0,65,168,23,26,2,1,1,2,1,13000,1,0,3.4005413124436132,23,11752.272,0,1,2,At-Risk
11,19,4,3,3,289,36,13,33,326.452,96,0,1,2,1,0,1,90,172,30,8,1,2,1,2,2,10404,0,0,3.4005413124436132,30,10772.916,0,0,1,Moderately Engaged
14,12,4,4,3,155,12,14,34,326.452,96,0,1,2,1,0,0,95,196,25,24,2,1,1,2,1,1860,0,0,3.4005413124436132,25,11099.368,0,0,2,At-Risk
23,19,4,4,3,378,49,11,36,326.452,96,0,1,2,0,1,4,65,174,21,8,1,1,1,2,1,18522,0,0,3.4005413124436132,1,11752.272,0,0,1,Moderately Engaged
11,13,4,5,3,289,36,13,33,326.452,96,0,1,2,1,0,1,90,172,30,16,2,2,1,2,2,10404,0,0,3.4005413124436132,30,10772.916,0,0,2,At-Risk
1,7,4,6,3,235,11,14,37,326.452,96,0,3,1,0,0,1,88,172,29,3,1,2,1,2,0,2585,1,0,3.4005413124436132,0,12078.724,0,0,1,Moderately Engaged
2,0,4,2,3,235,29,12,48,326.452,96,1,1,1,0,1,5,88,163,33,0,0,3,2,2,2,6815,0,1,3.4005413124436132,1,15669.696,1,0,0,Highly Engaged
11,13,5,4,3,289,36,13,33,378.884,92,0,1,2,1,0,1,90,172,30,8,1,2,1,2,2,10404,0,0,4.118303900184359,30,12503.172,0,0,2,At-Risk
14,28,5,5,3,155,12,14,34,378.884,92,0,1,2,1,0,0,95,196,25,2,1,1,1,2,1,1860,0,0,4.118303900184359,25,12882.056,0,0,1,Moderately Engaged
14,28,5,2,3,155,12,14,34,378.884,92,0,1,2,1,0,0,95,196,25,1,1,1,1,2,1,1860,0,1,4.118303900184359,25,12882.056,0,0,1,Moderately Engaged
3,18,5,3,3,179,51,18,38,378.884,92,0,1,0,1,0,0,89,170,31,8,1,3,1,2,2,9129,0,0,4.118303900184359,31,14397.592,0,0,1,Moderately Engaged
28,19,5,3,3,225,26,9,28,378.884,92,0,1,1,0,0,2,69,169,24,8,1,1,0,1,0,5850,0,0,4.118303900184359,0,10608.752,0,0,1,Moderately Engaged
27,7,5,4,3,184,42,7,27,378.884,92,0,1,0,0,0,0,58,167,21,4,1,1,0,1,0,7728,0,0,4.118303900184359,0,10229.868,0,0,1,Moderately Engaged
14,28,5,2,3,155,12,14,34,378.884,92,0,1,2,1,0,0,95,196,25,2,1,1,1,2,1,1860,0,1,4.118303900184359,25,12882.056,0,0,1,Moderately Engaged
3,12,5,3,3,179,51,18,38,378.884,92,0,1,0,1,0,0,89,170,31,1,1,3,1,2,2,9129,0,0,4.118303900184359,31,14397.592,0,0,1,Moderately Engaged
11,13,5,4,3,289,36,13,33,378.884,92,0,1,2,1,0,1,90,172,30,24,2,2,1,2,2,10404,0,0,4.118303900184359,30,12503.172,0,0,2,At-Risk
7,0,5,4,3,279,5,14,39,378.884,92,1,1,2,1,1,0,68,168,24,0,0,1,1,2,2,1395,0,0,4.118303900184359,25,14776.476,1,0,0,Highly Engaged
18,0,5,4,3,330,16,4,28,378.884,92,1,2,0,0,0,0,84,182,25,0,0,1,0,0,0,5280,0,0,4.118303900184359,0,10608.752,1,0,0,Highly Engaged
23,0,5,4,3,378,49,11,36,378.884,92,1,1,2,0,1,4,65,174,21,0,0,1,1,2,1,18522,0,0,4.118303900184359,1,13639.824,1,0,0,Highly Engaged
31,0,5,4,3,388,15,9,50,378.884,92,1,1,0,0,0,0,76,178,24,0,0,1,2,1,0,5820,0,0,4.118303900184359,0,18944.2,1,0,0,Highly Engaged
3,11,5,3,3,179,51,18,38,378.884,92,0,1,0,1,0,0,89,170,31,1,1,3,1,2,2,9129,0,0,4.118303900184359,31,14397.592,0,0,1,Moderately Engaged
36,13,5,4,3,118,13,18,50,378.884,92,0,1,1,1,0,0,98,178,31,24,2,3,2,2,2,1534,0,0,4.118303900184359,31,18944.2,0,0,2,At-Risk
10,22,5,6,3,361,52,3,28,378.884,92,0,1,1,1,0,4,80,172,27,8,1,2,0,0,1,18772,1,0,4.118303900184359,27,10608.752,0,0,1,Moderately Engaged
24,19,6,2,3,246,25,16,41,377.55,94,0,1,0,1,0,0,67,170,23,8,1,1,2,2,1,6150,0,1,4.016488934416071,23,15479.550000000001,0,0,2,At-Risk
10,22,6,2,3,361,52,3,28,377.55,94,0,1,1,1,0,4,80,172,27,8,1,2,0,0,1,18772,0,1,4.016488934416071,27,10571.4,0,0,1,Moderately Engaged
24,10,6,3,3,246,25,16,41,377.55,94,0,1,0,1,0,0,67,170,23,24,2,1,2,2,1,6150,0,0,4.016488934416071,23,15479.550000000001,0,0,2,At-Risk
15,23,6,5,3,291,31,12,40,377.55,94,0,1,1,1,0,1,73,171,25,4,1,1,1,2,1,9021,0,0,4.016488934416071,25,15102.0,0,0,1,Moderately Engaged
24,10,6,6,3,246,25,16,41,377.55,94,0,1,0,1,0,0,67,170,23,8,1,1,2,2,1,6150,1,0,4.016488934416071,23,15479.550000000001,0,0,2,At-Risk
3,11,6,2,3,179,51,18,38,377.55,94,0,1,0,1,0,0,89,170,31,8,1,3,1,2,2,9129,0,1,4.016488934416071,31,14346.9,0,0,1,Moderately Engaged
14,23,6,2,3,155,12,14,34,377.55,94,0,1,2,1,0,0,95,196,25,4,1,1,1,2,1,1860,0,1,4.016488934416071,25,12836.7,0,0,1,Moderately Engaged
24,10,6,2,3,246,25,16,41,377.55,94,0,1,0,1,0,0,67,170,23,8,1,1,2,2,1,6150,0,1,4.016488934416071,23,15479.550000000001,0,0,2,At-Risk
36,13,6,4,3,118,13,18,50,377.55,94,0,1,1,1,0,0,98,178,31,8,1,3,2,2,2,1534,0,0,4.016488934416071,31,18877.5,0,0,2,At-Risk
1,13,6,6,3,235,11,14,37,377.55,94,0,3,1,0,0,1,88,172,29,16,2,2,1,2,0,2585,1,0,4.016488934416071,0,13969.35,0,0,2,At-Risk
36,23,6,3,3,118,13,18,50,377.55,94,0,1,1,1,0,0,98,178,31,1,1,3,2,2,2,1534,0,0,4.016488934416071,31,18877.5,0,0,1,Moderately Engaged
36,13,6,4,3,118,13,18,50,377.55,94,0,1,1,1,0,0,98,178,31,26,2,3,2,2,2,1534,0,0,4.016488934416071,31,18877.5,0,0,2,At-Risk
23,22,6,5,3,378,49,11,36,377.55,94,0,1,2,0,1,4,65,174,21,8,1,1,1,2,1,18522,0,0,4.016488934416071,1,13591.800000000001,0,0,1,Moderately Engaged
3,11,6,6,3,179,51,18,38,377.55,94,0,1,0,1,0,0,89,170,31,2,1,3,1,2,2,9129,1,0,4.016488934416071,31,14346.9,0,0,1,Moderately Engaged
32,28,6,2,1,289,48,29,49,377.55,94,0,1,0,0,0,2,108,172,36,2,1,3,2,3,1,13872,0,1,4.016488934416071,0,18499.95,0,0,1,Moderately Engaged
28,28,6,5,1,225,26,9,28,377.55,94,0,1,1,0,0,2,69,169,24,2,1,1,0,1,0,5850,0,0,4.016488934416071,0,10571.4,0,0,1,Moderately Engaged
14,19,7,3,1,155,12,14,34,275.312,98,0,1,2,1,0,0,95,196,25,16,2,1,1,2,1,1860,0,0,2.8093058357851186,25,9360.608,0,0,2,At-Risk
36,1,7,4,1,118,13,18,50,275.312,98,0,1,1,1,0,0,98,178,31,8,1,3,2,2,2,1534,0,0,2.8093058357851186,31,13765.6,0,0,1,Moderately Engaged
34,5,7,6,1,118,10,10,37,275.312,98,0,1,0,0,0,0,83,172,28,8,1,2,1,1,0,1180,1,0,2.8093058357851186,0,10186.544,0,0,1,Moderately Engaged
34,26,7,6,1,118,10,10,37,275.312,98,0,1,0,0,0,0,83,172,28,4,1,2,1,1,0,1180,1,0,2.8093058357851186,0,10186.544,0,0,1,Moderately Engaged
18,26,7,3,1,330,16,4,28,275.312,98,0,2,0,0,0,0,84,182,25,8,1,1,0,0,0,5280,0,0,2.8093058357851186,0,7708.736000000001,0,0,1,Moderately Engaged
22,18,7,5,1,179,26,9,30,275.312,98,0,3,0,0,0,0,56,171,19,8,1,1,0,1,0,4654,0,0,2.8093058357851186,0,8259.36,0,0,1,Moderately Engaged
14,25,7,6,1,155,12,14,34,275.312,98,0,1,2,1,0,0,95,196,25,2,1,1,1,2,1,1860,1,0,2.8093058357851186,25,9360.608,0,0,1,Moderately Engaged
18,1,7,2,1,330,16,4,28,275.312,98,0,2,0,0,0,0,84,182,25,8,1,1,0,0,0,5280,0,1,2.8093058357851186,0,7708.736000000001,0,0,1,Moderately Engaged
18,1,7,3,1,330,16,4,28,275.312,98,0,2,0,0,0,0,84,182,25,8,1,1,0,0,0,5280,0,0,2.8093058357851186,0,7708.736000000001,0,0,1,Moderately Engaged
30,25,7,2,1,157,27,6,29,275.312,98,0,1,0,1,1,0,75,185,22,3,1,1,0,1,2,4239,0,1,2.8093058357851186,23,7984.048000000001,0,0,1,Moderately Engaged
10,22,7,3,1,361,52,3,28,275.312,98,0,1,1,1,0,4,80,172,27,8,1,2,0,0,1,18772,0,0,2.8093058357851186,27,7708.736000000001,0,0,1,Moderately Engaged
11,26,7,4,1,289,36,13,33,275.312,98,0,1,2,1,0,1,90,172,30,8,1,2,1,2,2,10404,0,0,2.8093058357851186,30,9085.296,0,0,1,Moderately Engaged
3,26,7,5,1,179,51,18,38,275.312,98,0,1,0,1,0,0,89,170,31,8,1,3,1,2,2,9129,0,0,2.8093058357851186,31,10461.856,0,0,1,Moderately Engaged
11,19,7,2,1,289,36,13,33,275.312,98,0,1,2,1,0,1,90,172,30,26,2,2,1,2,2,10404,0,1,2.8093058357851186,30,9085.296,0,0,1,Moderately Engaged
11,19,7,5,1,289,36,13,33,275.312,98,0,1,2,1,0,1,90,172,30,8,1,2,1,2,2,10404,0,0,2.8093058357851186,30,9085.296,0,0,1,Moderately Engaged
20,0,7,5,1,260,50,11,36,275.312,98,1,1,4,1,0,0,65,168,23,0,0,1,1,2,1,13000,0,0,2.8093058357851186,23,9911.232,1,1,0,Highly Engaged
11,19,8,6,1,289,36,13,33,265.615,94,0,1,2,1,0,1,90,172,30,8,1,2,1,2,2,10404,1,0,2.8256911887562564,30,8765.295,0,0,1,Moderately Engaged
30,19,8,6,1,157,27,6,29,265.615,94,0,1,0,1,1,0,75,185,22,3,1,1,0,1,2,4239,1,0,2.8256911887562564,23,7702.835,0,0,1,Moderately Engaged
11,23,8,2,1,289,36,13,33,265.615,94,0,1,2,1,0,1,90,172,30,1,1,2,1,2,2,10404,0,1,2.8256911887562564,30,8765.295,0,0,1,Moderately Engaged
9,18,8,3,1,228,14,16,58,265.615,94,0,1,2,0,0,1,65,172,22,8,1,1,3,2,0,3192,0,0,2.8256911887562564,0,15405.67,0,0,1,Moderately Engaged
26,13,8,5,1,300,26,13,43,265.615,94,0,1,2,1,1,1,77,175,25,1,1,1,2,2,2,7800,0,0,2.8256911887562564,26,11421.445,0,0,1,Moderately Engaged
26,14,8,5,1,300,26,13,43,265.615,94,0,1,2,1,1,1,77,175,25,2,1,1,2,2,2,7800,0,0,2.8256911887562564,26,11421.445,0,0,1,Moderately Engaged
20,28,8,6,1,260,50,11,36,265.615,94,0,1,4,1,0,0,65,168,23,4,1,1,1,2,1,13000,1,0,2.8256911887562564,23,9562.14,0,1,1,Moderately Engaged
11,23,8,3,1,289,36,13,33,265.615,94,0,1,2,1,0,1,90,172,30,4,1,2,1,2,2,10404,0,0,2.8256911887562564,30,8765.295,0,0,1,Moderately Engaged
33,23,8,4,1,248,25,14,47,265.615,94,0,1,2,0,0,1,86,165,32,1,1,3,2,2,1,6200,0,0,2.8256911887562564,0,12483.905,0,0,1,Moderately Engaged
21,11,8,5,1,268,11,8,33,265.615,94,0,2,0,0,0,0,79,178,25,8,1,1,1,1,0,2948,0,0,2.8256911887562564,0,8765.295,0,0,1,Moderately Engaged
22,23,8,5,1,179,26,9,30,265.615,94,0,3,0,0,0,0,56,171,19,1,1,1,0,1,0,4654,0,0,2.8256911887562564,0,7968.450000000001,0,0,1,Moderately Engaged
36,13,8,5,1,118,13,18,50,265.615,94,0,1,1,1,0,0,98,178,31,3,1,3,2,2,2,1534,0,0,2.8256911887562564,31,13280.75,0,0,1,Moderately Engaged
33,25,8,2,1,248,25,14,47,265.615,94,0,1,2,0,0,1,86,165,32,2,1,3,2,2,1,6200,0,1,2.8256911887562564,0,12483.905,0,0,1,Moderately Engaged
1,23,8,3,1,235,11,14,37,265.615,94,0,3,1,0,0,1,88,172,29,1,1,2,1,2,0,2585,0,0,2.8256911887562564,0,9827.755000000001,0,0,1,Moderately Engaged
36,23,8,5,1,118,13,18,50,265.615,94,0,1,1,1,0,0,98,178,31,1,1,3,2,2,2,1534,0,0,2.8256911887562564,31,13280.75,0,0,1,Moderately Engaged
1,19,8,5,1,235,11,14,37,265.615,94,0,3,1,0,0,1,88,172,29,8,1,2,1,2,0,2585,0,0,2.8256911887562564,0,9827.755000000001,0,0,1,Moderately Engaged
10,8,8,3,1,361,52,3,28,265.615,94,0,1,1,1,0,4,80,172,27,8,1,2,0,0,1,18772,0,0,2.8256911887562564,27,7437.22,0,0,1,Moderately Engaged
27,6,8,4,1,184,42,7,27,265.615,94,0,1,0,0,0,0,58,167,21,8,1,1,0,1,0,7728,0,0,2.8256911887562564,0,7171.6050000000005,0,0,1,Moderately Engaged
3,11,9,2,1,179,51,18,38,294.217,81,0,1,0,1,0,0,89,170,31,8,1,3,1,2,2,9129,0,1,3.632308193542198,31,11180.246,0,0,1,Moderately Engaged
3,23,9,6,1,179,51,18,38,294.217,81,0,1,0,1,0,0,89,170,31,3,1,3,1,2,2,9129,1,0,3.632308193542198,31,11180.246,0,0,1,Moderately Engaged
11,19,9,4,1,289,36,13,33,294.217,81,0,1,2,1,0,1,90,172,30,24,2,2,1,2,2,10404,0,0,3.632308193542198,30,9709.161,0,0,1,Moderately Engaged
5,0,9,5,1,235,20,13,43,294.217,81,1,1,1,1,0,0,106,167,38,0,0,3,2,2,2,4700,0,0,3.632308193542198,38,12651.331,1,0,0,Highly Engaged
24,9,9,2,1,246,25,16,41,294.217,81,0,1,0,1,0,0,67,170,23,16,2,1,2,2,1,6150,0,1,3.632308193542198,23,12062.896999999999,0,0,2,At-Risk
15,28,9,3,1,291,31,12,40,294.217,81,0,1,1,1,0,1,73,171,25,3,1,1,1,2,1,9021,0,0,3.632308193542198,25,11768.68,0,0,1,Moderately Engaged
8,0,9,3,1,231,35,14,39,294.217,81,1,1,2,1,0,2,100,170,35,0,0,3,1,2,2,8085,0,0,3.632308193542198,35,11474.463,1,0,0,Highly Engaged
19,0,9,3,1,291,50,12,32,294.217,81,1,1,0,1,0,0,65,169,23,0,0,1,1,2,1,14550,0,0,3.632308193542198,23,9414.944,1,0,0,Highly Engaged
3,13,9,4,1,179,51,18,38,294.217,81,0,1,0,1,0,0,89,170,31,8,1,3,1,2,2,9129,0,0,3.632308193542198,31,11180.246,0,0,1,Moderately Engaged
24,9,9,4,1,246,25,16,41,294.217,81,0,1,0,1,0,0,67,170,23,26,2,1,2,2,1,6150,0,0,3.632308193542198,23,12062.896999999999,0,0,2,At-Risk
3,23,9,5,1,179,51,18,38,294.217,81,0,1,0,1,0,0,89,170,31,1,1,3,1,2,2,9129,0,0,3.632308193542198,31,11180.246,0,0,1,Moderately Engaged
15,28,9,6,1,291,31,12,40,294.217,81,0,1,1,1,0,1,73,171,25,4,1,1,1,2,1,9021,1,0,3.632308193542198,25,11768.68,0,0,1,Moderately Engaged
20,28,9,6,1,260,50,11,36,294.217,81,0,1,4,1,0,0,65,168,23,4,1,1,1,2,1,13000,1,0,3.632308193542198,23,10591.812,0,1,1,Moderately Engaged
5,26,9,4,4,235,20,13,43,294.217,81,0,1,1,1,0,0,106,167,38,8,1,3,2,2,2,4700,0,0,3.632308193542198,38,12651.331,0,0,1,Moderately Engaged
36,28,9,5,4,118,13,18,50,294.217,81,0,1,1,1,0,0,98,178,31,1,1,3,2,2,2,1534,0,0,3.632308193542198,31,14710.849999999999,0,0,1,Moderately Engaged
5,0,9,5,4,235,20,13,43,294.217,81,1,1,1,1,0,0,106,167,38,0,0,3,2,2,2,4700,0,0,3.632308193542198,38,12651.331,1,0,0,Highly Engaged
15,28,9,6,4,291,31,12,40,294.217,81,0,1,1,1,0,1,73,171,25,3,1,1,1,2,1,9021,1,0,3.632308193542198,25,11768.68,0,0,1,Moderately Engaged
15,7,9,2,4,291,31,12,40,294.217,81,0,1,1,1,0,1,73,171,25,26,2,1,1,2,1,9021,0,1,3.632308193542198,25,11768.68,0,0,2,At-Risk
3,13,9,2,4,179,51,18,38,294.217,81,0,1,0,1,0,0,89,170,31,8,1,3,1,2,2,9129,0,1,3.632308193542198,31,11180.246,0,0,1,Moderately Engaged
11,24,10,2,4,289,36,13,33,265.017,88,0,1,2,1,0,1,90,172,30,8,1,2,1,2,2,10404,0,1,3.011556475959491,30,8745.561,0,0,1,Moderately Engaged
1,26,10,2,4,235,11,14,37,265.017,88,0,3,1,0,0,1,88,172,29,4,1,2,1,2,0,2585,0,1,3.011556475959491,0,9805.628999999999,0,0,1,Moderately Engaged
11,26,10,2,4,289,36,13,33,265.017,88,0,1,2,1,0,1,90,172,30,8,1,2,1,2,2,10404,0,1,3.011556475959491,30,8745.561,0,0,1,Moderately Engaged
11,22,10,6,4,289,36,13,33,265.017,88,0,1,2,1,0,1,90,172,30,8,1,2,1,2,2,10404,1,0,3.011556475959491,30,8745.561,0,0,1,Moderately Engaged
36,0,10,6,4,118,13,18,50,265.017,88,1,1,1,1,0,0,98,178,31,0,0,3,2,2,2,1534,1,0,3.011556475959491,31,13250.85,1,0,0,Highly Engaged
33,0,10,6,4,248,25,14,47,265.017,88,1,1,2,0,0,1,86,165,32,0,0,3,2,2,1,6200,1,0,3.011556475959491,0,12455.798999999999,1,0,0,Highly Engaged
22,1,10,2,4,179,26,9,30,265.017,88,0,3,0,0,0,0,56,171,19,8,1,1,0,1,0,4654,0,1,3.011556475959491,0,7950.51,0,0,1,Moderately Engaged
34,7,10,2,4,118,10,10,37,265.017,88,0,1,0,0,0,0,83,172,28,3,1,2,1,1,0,1180,0,1,3.011556475959491,0,9805.628999999999,0,0,1,Moderately Engaged
13,22,10,2,4,369,17,12,31,265.017,88,0,1,3,1,0,0,70,169,25,8,1,1,1,2,1,6273,0,1,3.011556475959491,25,8215.527,0,1,1,Moderately Engaged
3,28,10,4,4,179,51,18,38,265.017,88,0,1,0,1,0,0,89,170,31,1,1,3,1,2,2,9129,0,0,3.011556475959491,31,10070.646,0,0,1,Moderately Engaged
22,1,10,4,4,179,26,9,30,265.017,88,0,3,0,0,0,0,56,171,19,26,2,1,0,1,0,4654,0,0,3.011556475959491,0,7950.51,0,0,1,Moderately Engaged
5,0,10,4,4,235,20,13,43,265.017,88,1,1,1,1,0,0,106,167,38,0,0,3,2,2,2,4700,0,0,3.011556475959491,38,11395.731,1,0,0,Highly Engaged
11,19,10,5,4,289,36,13,33,265.017,88,0,1,2,1,0,1,90,172,30,16,2,2,1,2,2,10404,0,0,3.011556475959491,30,8745.561,0,0,2,At-Risk
20,28,10,6,4,260,50,11,36,265.017,88,0,1,4,1,0,0,65,168,23,3,1,1,1,2,1,13000,1,0,3.011556475959491,23,9540.612,0,1,1,Moderately Engaged
5,0,10,6,4,235,20,13,43,265.017,88,1,1,1,1,0,0,106,167,38,0,0,3,2,2,2,4700,1,0,3.011556475959491,38,11395.731,1,0,0,Highly Engaged
5,23,10,2,4,235,20,13,43,265.017,88,0,1,1,1,0,0,106,167,38,2,1,3,2,2,2,4700,0,1,3.011556475959491,38,11395.731,0,0,1,Moderately Engaged
5,23,10,2,4,235,20,13,43,265.017,88,0,1,1,1,0,0,106,167,38,2,1,3,2,2,2,4700,0,1,3.011556475959491,38,11395.731,0,0,1,Moderately Engaged
36,28,10,3,4,118,13,18,50,265.017,88,0,1,1,1,0,0,98,178,31,1,1,3,2,2,2,1534,0,0,3.011556475959491,31,13250.85,0,0,1,Moderately Engaged
15,28,10,3,4,291,31,12,40,265.017,88,0,1,1,1,0,1,73,171,25,4,1,1,1,2,1,9021,0,0,3.011556475959491,25,10600.68,0,0,1,Moderately Engaged
22,23,10,5,4,179,26,9,30,265.017,88,0,3,0,0,0,0,56,171,19,16,2,1,0,1,0,4654,0,0,3.011556475959491,0,7950.51,0,0,1,Moderately Engaged
36,28,10,5,4,118,13,18,50,265.017,88,0,1,1,1,0,0,98,178,31,1,1,3,2,2,2,1534,0,0,3.011556475959491,31,13250.85,0,0,1,Moderately Engaged
10,10,10,2,4,361,52,3,28,265.017,88,0,1,1,1,0,4,80,172,27,8,1,2,0,0,1,18772,0,1,3.011556475959491,27,7420.476,0,0,1,Moderately Engaged
20,0,10,3,4,260,50,11,36,265.017,88,1,1,4,1,0,0,65,168,23,0,0,1,1,2,1,13000,0,0,3.011556475959491,23,9540.612,1,1,0,Highly Engaged
15,0,10,3,4,291,31,12,40,265.017,88,1,1,1,1,0,1,73,171,25,0,0,1,1,2,1,9021,0,0,3.011556475959491,25,10600.68,1,0,0,Highly Engaged
30,0,10,3,4,157,27,6,29,265.017,88,1,1,0,1,1,0,75,185,22,0,0,1,0,1,2,4239,0,0,3.011556475959491,23,7685.4929999999995,1,0,0,Highly Engaged
22,1,10,4,4,179,26,9,30,265.017,88,0,3,0,0,0,0,56,171,19,5,1,1,0,1,0,4654,0,0,3.011556475959491,0,7950.51,0,0,1,Moderately Engaged
22,7,10,4,4,179,26,9,30,265.017,88,0,3,0,0,0,0,56,171,19,5,1,1,0,1,0,4654,0,0,3.011556475959491,0,7950.51,0,0,1,Moderately Engaged
36,23,10,5,4,118,13,18,50,265.017,88,0,1,1,1,0,0,98,178,31,1,1,3,2,2,2,1534,0,0,3.011556475959491,31,13250.85,0,0,1,Moderately Engaged
34,11,11,2,4,118,10,10,37,284.031,97,0,1,0,0,0,0,83,172,28,8,1,2,1,1,0,1180,0,1,2.9281543373036767,0,10509.147,0,0,1,Moderately Engaged
33,23,11,2,4,248,25,14,47,284.031,97,0,1,2,0,0,1,86,165,32,2,1,3,2,2,1,6200,0,1,2.9281543373036767,0,13349.457,0,0,1,Moderately Engaged
3,6,11,3,4,179,51,18,38,284.031,97,0,1,0,1,0,0,89,170,31,8,1,3,1,2,2,9129,0,0,2.9281543373036767,31,10793.178,0,0,1,Moderately Engaged
20,28,11,6,4,260,50,11,36,284.031,97,0,1,4,1,0,0,65,168,23,3,1,1,1,2,1,13000,1,0,2.9281543373036767,23,10225.116,0,1,1,Moderately Engaged
15,23,11,2,4,291,31,12,40,284.031,97,0,1,1,1,0,1,73,171,25,1,1,1,1,2,1,9021,0,1,2.9281543373036767,25,11361.24,0,0,1,Moderately Engaged
23,1,11,2,4,378,49,11,36,284.031,97,0,1,2,0,1,4,65,174,21,8,1,1,1,2,1,18522,0,1,2.9281543373036767,1,10225.116,0,0,1,Moderately Engaged
14,11,11,2,4,155,12,14,34,284.031,97,0,1,2,1,0,0,95,196,25,26,2,1,1,2,1,1860,0,1,2.9281543373036767,25,9657.054,0,0,2,At-Risk
5,26,11,2,4,235,20,13,43,284.031,97,0,1,1,1,0,0,106,167,38,8,1,3,2,2,2,4700,0,1,2.9281543373036767,38,12213.333,0,0,1,Moderately Engaged
18,0,11,3,4,330,16,4,28,284.031,97,1,2,0,0,0,0,84,182,25,0,0,1,0,0,0,5280,0,0,2.9281543373036767,0,7952.868,1,0,0,Highly Engaged
1,18,11,4,4,235,11,14,37,284.031,97,0,3,1,0,0,1,88,172,29,1,1,2,1,2,0,2585,0,0,2.9281543373036767,0,10509.147,0,0,1,Moderately Engaged
34,11,11,4,4,118,10,10,37,284.031,97,0,1,0,0,0,0,83,172,28,3,1,2,1,1,0,1180,0,0,2.9281543373036767,0,10509.147,0,0,1,Moderately Engaged
1,25,11,5,4,235,11,14,37,284.031,97,0,3,1,0,0,1,88,172,29,2,1,2,1,2,0,2585,0,0,2.9281543373036767,0,10509.147,0,0,1,Moderately Engaged
3,28,11,5,4,179,51,18,38,284.031,97,0,1,0,1,0,0,89,170,31,3,1,3,1,2,2,9129,0,0,2.9281543373036767,31,10793.178,0,0,1,Moderately Engaged
24,13,11,6,4,246,25,16,41,284.031,97,0,1,0,1,0,0,67,170,23,8,1,1,2,2,1,6150,1,0,2.9281543373036767,23,11645.271,0,0,1,Moderately Engaged
15,12,11,6,4,291,31,12,40,284.031,97,0,1,1,1,0,1,73,171,25,4,1,1,1,2,1,9021,1,0,2.9281543373036767,25,11361.24,0,0,1,Moderately Engaged
24,13,11,2,4,246,25,16,41,284.031,97,0,1,0,1,0,0,67,170,23,8,1,1,2,2,1,6150,0,1,2.9281543373036767,23,11645.271,0,0,2,At-Risk
3,28,11,3,4,179,51,18,38,284.031,97,0,1,0,1,0,0,89,170,31,1,1,3,1,2,2,9129,0,0,2.9281543373036767,31,10793.178,0,0,1,Moderately Engaged
20,10,11,4,4,260,50,11,36,284.031,97,0,1,4,1,0,0,65,168,23,8,1,1,1,2,1,13000,0,0,2.9281543373036767,23,10225.116,0,1,1,Moderately Engaged
20,15,11,6,4,260,50,11,36,284.031,97,0,1,4,1,0,0,65,168,23,8,1,1,1,2,1,13000,1,0,2.9281543373036767,23,10225.116,0,1,1,Moderately Engaged
23,0,11,6,4,378,49,11,36,284.031,97,1,1,2,0,1,4,65,174,21,0,0,1,1,2,1,18522,1,0,2.9281543373036767,1,10225.116,1,0,0,Highly Engaged
7,0,11,3,4,279,5,14,39,284.031,97,1,1,2,1,1,0,68,168,24,0,0,1,1,2,2,1395,0,0,2.9281543373036767,25,11077.209,1,0,0,Highly Engaged
3,23,11,5,4,179,51,18,38,284.031,97,0,1,0,1,0,0,89,170,31,1,1,3,1,2,2,9129,0,0,2.9281543373036767,31,10793.178,0,0,1,Moderately Engaged
28,12,12,2,4,225,26,9,28,236.629,93,0,1,1,0,0,2,69,169,24,3,1,1,0,1,0,5850,0,1,2.544397575871228,0,6625.612,0,0,1,Moderately Engaged
3,28,12,2,4,179,51,18,38,236.629,93,0,1,0,1,0,0,89,170,31,2,1,3,1,2,2,9129,0,1,2.544397575871228,31,8991.902,0,0,1,Moderately Engaged
3,28,12,2,4,179,51,18,38,236.629,93,0,1,0,1,0,0,89,170,31,1,1,3,1,2,2,9129,0,1,2.544397575871228,31,8991.902,0,0,1,Moderately Engaged
1,23,12,2,4,235,11,14,37,236.629,93,0,3,1,0,0,1,88,172,29,3,1,2,1,2,0,2585,0,1,2.544397575871228,0,8755.273,0,0,1,Moderately Engaged
36,28,12,3,4,118,13,18,50,236.629,93,0,1,1,1,0,0,98,178,31,1,1,3,2,2,2,1534,0,0,2.544397575871228,31,11831.449999999999,0,0,1,Moderately Engaged
20,28,12,6,4,260,50,11,36,236.629,93,0,1,4,1,0,0,65,168,23,4,1,1,1,2,1,13000,1,0,2.544397575871228,23,8518.644,0,1,1,Moderately Engaged
24,4,12,5,4,246,25,16,41,236.629,93,0,1,0,1,0,0,67,170,23,8,1,1,2,2,1,6150,0,0,2.544397575871228,23,9701.788999999999,0,0,1,Moderately Engaged
3,28,12,5,4,179,51,18,38,236.629,93,0,1,0,1,0,0,89,170,31,1,1,3,1,2,2,9129,0,0,2.544397575871228,31,8991.902,0,0,1,Moderately Engaged
3,28,12,6,4,179,51,18,38,236.629,93,0,1,0,1,0,0,89,170,31,1,1,3,1,2,2,9129,1,0,2.544397575871228,31,8991.902,0,0,1,Moderately Engaged
22,23,12,3,4,179,26,9,30,236.629,93,0,3,0,0,0,0,56,171,19,1,1,1,0,1,0,4654,0,0,2.544397575871228,0,7098.87,0,0,1,Moderately Engaged
34,25,12,3,4,118,10,10,37,236.629,93,0,1,0,0,0,0,83,172,28,8,1,2,1,1,0,1180,0,0,2.544397575871228,0,8755.273,0,0,1,Moderately Engaged
1,25,12,5,4,235,11,14,37,236.629,93,0,3,1,0,0,1,88,172,29,2,1,2,1,2,0,2585,0,0,2.544397575871228,0,8755.273,0,0,1,Moderately Engaged
3,28,12,6,4,179,51,18,38,236.629,93,0,1,0,1,0,0,89,170,31,1,1,3,1,2,2,9129,1,0,2.544397575871228,31,8991.902,0,0,1,Moderately Engaged
5,13,12,3,2,235,20,13,43,236.629,93,0,1,1,1,0,0,106,167,38,8,1,3,2,2,2,4700,0,0,2.544397575871228,38,10175.047,0,0,1,Moderately Engaged
1,14,12,3,2,235,11,14,37,236.629,93,0,3,1,0,0,1,88,172,29,4,1,2,1,2,0,2585,0,0,2.544397575871228,0,8755.273,0,0,1,Moderately Engaged
20,26,12,4,2,260,50,11,36,236.629,93,0,1,4,1,0,0,65,168,23,8,1,1,1,2,1,13000,0,0,2.544397575871228,23,8518.644,0,1,1,Moderately Engaged
30,28,12,2,2,157,27,6,29,236.629,93,0,1,0,1,1,0,75,185,22,2,1,1,0,1,2,4239,0,1,2.544397575871228,23,6862.241,0,0,1,Moderately Engaged
3,28,12,2,2,179,51,18,38,236.629,93,0,1,0,1,0,0,89,170,31,3,1,3,1,2,2,9129,0,1,2.544397575871228,31,8991.902,0,0,1,Moderately Engaged
11,19,12,2,2,289,36,13,33,236.629,93,0,1,2,1,0,1,90,172,30,8,1,2,1,2,2,10404,0,1,2.544397575871228,30,7808.757,0,0,1,Moderately Engaged
28,23,1,4,2,225,26,9,28,330.061,100,0,1,1,0,0,2,69,169,24,5,1,1,0,1,0,5850,0,0,3.300609669939033,0,9241.707999999999,0,0,1,Moderately Engaged
34,19,1,2,2,118,10,10,37,330.061,100,0,1,0,0,0,0,83,172,28,26,2,2,1,1,0,1180,0,1,3.300609669939033,0,12212.257,0,0,2,At-Risk
14,23,1,2,2,155,12,14,34,330.061,100,0,1,2,1,0,0,95,196,25,2,1,1,1,2,1,1860,0,1,3.300609669939033,25,11222.073999999999,0,0,1,Moderately Engaged
1,13,1,3,2,235,11,14,37,330.061,100,0,3,1,0,0,1,88,172,29,1,1,2,1,2,0,2585,0,0,3.300609669939033,0,12212.257,0,0,1,Moderately Engaged
14,23,1,3,2,155,12,14,34,330.061,100,0,1,2,1,0,0,95,196,25,4,1,1,1,2,1,1860,0,0,3.300609669939033,25,11222.073999999999,0,0,1,Moderately Engaged
11,26,1,2,2,289,36,13,33,330.061,100,0,1,2,1,0,1,90,172,30,8,1,2,1,2,2,10404,0,1,3.300609669939033,30,10892.012999999999,0,0,1,Moderately Engaged
15,3,1,4,2,291,31,12,40,330.061,100,0,1,1,1,0,1,73,171,25,8,1,1,1,2,1,9021,0,0,3.300609669939033,25,13202.439999999999,0,0,1,Moderately Engaged
5,26,1,2,2,235,20,13,43,330.061,100,0,1,1,1,0,0,106,167,38,8,1,3,2,2,2,4700,0,1,3.300609669939033,38,14192.623,0,0,1,Moderately Engaged
36,26,1,2,2,118,13,18,50,330.061,100,0,1,1,1,0,0,98,178,31,4,1,3,2,2,2,1534,0,1,3.300609669939033,31,16503.05,0,0,1,Moderately Engaged
3,28,1,4,2,179,51,18,38,330.061,100,0,1,0,1,0,0,89,170,31,1,1,3,1,2,2,9129,0,0,3.300609669939033,31,12542.318,0,0,1,Moderately Engaged
3,28,1,6,2,179,51,18,38,330.061,100,0,1,0,1,0,0,89,170,31,1,1,3,1,2,2,9129,1,0,3.300609669939033,31,12542.318,0,0,1,Moderately Engaged
34,28,2,3,2,118,10,10,37,251.818,96,0,1,0,0,0,0,83,172,28,2,1,2,1,1,0,1180,0,0,2.623103893426678,0,9317.266,0,0,1,Moderately Engaged
3,27,2,4,2,179,51,18,38,251.818,96,0,1,0,1,0,0,89,170,31,3,1,3,1,2,2,9129,0,0,2.623103893426678,31,9569.084,0,0,1,Moderately Engaged
28,7,2,4,2,225,26,9,28,251.818,96,0,1,1,0,0,2,69,169,24,1,1,1,0,1,0,5850,0,0,2.623103893426678,0,7050.904,0,0,1,Moderately Engaged
11,22,2,6,2,289,36,13,33,251.818,96,0,1,2,1,0,1,90,172,30,3,1,2,1,2,2,10404,1,0,2.623103893426678,30,8309.994,0,0,1,Moderately Engaged
20,28,2,6,2,260,50,11,36,251.818,96,0,1,4,1,0,0,65,168,23,3,1,1,1,2,1,13000,1,0,2.623103893426678,23,9065.448,0,1,1,Moderately Engaged
3,23,2,6,2,179,51,18,38,251.818,96,0,1,0,1,0,0,89,170,31,3,1,3,1,2,2,9129,1,0,2.623103893426678,31,9569.084,0,0,1,Moderately Engaged
3,27,2,2,2,179,51,18,38,251.818,96,0,1,0,1,0,0,89,170,31,2,1,3,1,2,2,9129,0,1,2.623103893426678,31,9569.084,0,0,1,Moderately Engaged
3,27,2,4,2,179,51,18,38,251.818,96,0,1,0,1,0,0,89,170,31,3,1,3,1,2,2,9129,0,0,2.623103893426678,31,9569.084,0,0,1,Moderately Engaged
3,10,2,5,2,179,51,18,38,251.818,96,0,1,0,1,0,0,89,170,31,8,1,3,1,2,2,9129,0,0,2.623103893426678,31,9569.084,0,0,1,Moderately Engaged
24,26,2,5,2,246,25,16,41,251.818,96,0,1,0,1,0,0,67,170,23,8,1,1,2,2,1,6150,0,0,2.623103893426678,23,10324.538,0,0,1,Moderately Engaged
3,27,2,6,2,179,51,18,38,251.818,96,0,1,0,1,0,0,89,170,31,3,1,3,1,2,2,9129,1,0,2.623103893426678,31,9569.084,0,0,1,Moderately Engaged
6,22,2,2,2,189,29,13,33,251.818,96,0,1,2,0,0,2,69,167,25,8,1,1,1,2,0,5481,0,1,2.623103893426678,0,8309.994,0,0,1,Moderately Engaged
3,27,2,2,2,179,51,18,38,251.818,96,0,1,0,1,0,0,89,170,31,3,1,3,1,2,2,9129,0,1,2.623103893426678,31,9569.084,0,0,1,Moderately Engaged
24,23,2,3,2,246,25,16,41,251.818,96,0,1,0,1,0,0,67,170,23,2,1,1,2,2,1,6150,0,0,2.623103893426678,23,10324.538,0,0,1,Moderately Engaged
15,23,2,3,2,291,31,12,40,251.818,96,0,1,1,1,0,1,73,171,25,2,1,1,1,2,1,9021,0,0,2.623103893426678,25,10072.720000000001,0,0,1,Moderately Engaged
30,11,2,4,2,157,27,6,29,251.818,96,0,1,0,1,1,0,75,185,22,16,2,1,0,1,2,4239,0,0,2.623103893426678,23,7302.722000000001,0,0,2,At-Risk
3,27,2,4,2,179,51,18,38,251.818,96,0,1,0,1,0,0,89,170,31,3,1,3,1,2,2,9129,0,0,2.623103893426678,31,9569.084,0,0,1,Moderately Engaged
3,27,2,6,2,179,51,18,38,251.818,96,0,1,0,1,0,0,89,170,31,3,1,3,1,2,2,9129,1,0,2.623103893426678,31,9569.084,0,0,1,Moderately Engaged
24,10,2,6,2,246,25,16,41,251.818,96,0,1,0,1,0,0,67,170,23,24,2,1,2,2,1,6150,1,0,2.623103893426678,23,10324.538,0,0,2,At-Risk
3,27,2,4,2,179,51,18,38,251.818,96,0,1,0,1,0,0,89,170,31,3,1,3,1,2,2,9129,0,0,2.623103893426678,31,9569.084,0,0,1,Moderately Engaged
3,27,2,6,2,179,51,18,38,251.818,96,0,1,0,1,0,0,89,170,31,3,1,3,1,2,2,9129,1,0,2.623103893426678,31,9569.084,0,0,1,Moderately Engaged
34,18,3,3,2,118,10,10,37,244.387,98,0,1,0,0,0,0,83,172,28,8,1,2,1,1,0,1180,0,0,2.4937446434954444,0,9042.319,0,0,1,Moderately Engaged
24,19,3,4,2,246,25,16,41,244.387,98,0,1,0,1,0,0,67,170,23,16,2,1,2,2,1,6150,0,0,2.4937446434954444,23,10019.867,0,0,2,At-Risk
24,28,3,6,2,246,25,16,41,244.387,98,0,1,0,1,0,0,67,170,23,2,1,1,2,2,1,6150,1,0,2.4937446434954444,23,10019.867,0,0,1,Moderately Engaged
20,28,3,6,2,260,50,11,36,244.387,98,0,1,4,1,0,0,65,168,23,4,1,1,1,2,1,13000,1,0,2.4937446434954444,23,8797.932,0,1,1,Moderately Engaged
3,28,3,2,2,179,51,18,38,244.387,98,0,1,0,1,0,0,89,170,31,2,1,3,1,2,2,9129,0,1,2.4937446434954444,31,9286.706,0,0,1,Moderately Engaged
1,22,3,2,2,235,11,14,37,244.387,98,0,3,1,0,0,1,88,172,29,8,1,2,1,2,0,2585,0,1,2.4937446434954444,0,9042.319,0,0,1,Moderately Engaged
17,22,3,3,2,179,22,17,40,244.387,98,0,2,2,0,1,0,63,170,22,8,1,1,1,2,1,3938,0,0,2.4937446434954444,1,9775.48,0,0,1,Moderately Engaged
23,22,3,3,2,378,49,11,36,244.387,98,0,1,2,0,1,4,65,174,21,8,1,1,1,2,1,18522,0,0,2.4937446434954444,1,8797.932,0,0,1,Moderately Engaged
3,28,3,2,2,179,51,18,38,244.387,98,0,1,0,1,0,0,89,170,31,16,2,3,1,2,2,9129,0,1,2.4937446434954444,31,9286.706,0,0,1,Moderately Engaged
10,22,3,4,2,361,52,3,28,244.387,98,0,1,1,1,0,4,80,172,27,8,1,2,0,0,1,18772,0,0,2.4937446434954444,27,6842.836,0,0,1,Moderately Engaged
13,0,3,4,2,369,17,12,31,244.387,98,1,1,3,1,0,0,70,169,25,0,0,1,1,2,1,6273,0,0,2.4937446434954444,25,7575.997,1,1,0,Highly Engaged
1,21,3,5,2,235,11,14,37,244.387,98,0,3,1,0,0,1,88,172,29,8,1,2,1,2,0,2585,0,0,2.4937446434954444,0,9042.319,0,0,1,Moderately Engaged
36,23,3,6,3,118,13,18,50,244.387,98,0,1,1,1,0,0,98,178,31,2,1,3,2,2,2,1534,1,0,2.4937446434954444,31,12219.35,0,0,1,Moderately Engaged
36,14,3,3,3,118,13,18,50,244.387,98,0,1,1,1,0,0,98,178,31,3,1,3,2,2,2,1534,0,0,2.4937446434954444,31,12219.35,0,0,1,Moderately Engaged
36,13,3,4,3,118,13,18,50,244.387,98,0,1,1,1,0,0,98,178,31,8,1,3,2,2,2,1534,0,0,2.4937446434954444,31,12219.35,0,0,1,Moderately Engaged
1,0,3,5,3,235,11,14,37,244.387,98,1,3,1,0,0,1,88,172,29,0,0,2,1,2,0,2585,0,0,2.4937446434954444,0,9042.319,1,0,0,Highly Engaged
24,0,3,5,3,246,25,16,41,244.387,98,1,1,0,1,0,0,67,170,23,0,0,1,2,2,1,6150,0,0,2.4937446434954444,23,10019.867,1,0,0,Highly Engaged
36,0,3,5,3,118,13,18,50,244.387,98,1,1,1,1,0,0,98,178,31,0,0,3,2,2,2,1534,0,0,2.4937446434954444,31,12219.35,1,0,0,Highly Engaged
3,28,3,6,3,179,51,18,38,244.387,98,0,1,0,1,0,0,89,170,31,8,1,3,1,2,2,9129,1,0,2.4937446434954444,31,9286.706,0,0,1,Moderately Engaged
11,22,3,6,3,289,36,13,33,244.387,98,0,1,2,1,0,1,90,172,30,8,1,2,1,2,2,10404,1,0,2.4937446434954444,30,8064.771,0,0,1,Moderately Engaged
20,19,3,2,3,260,50,11,36,244.387,98,0,1,4,1,0,0,65,168,23,8,1,1,1,2,1,13000,0,1,2.4937446434954444,23,8797.932,0,1,1,Moderately Engaged
24,28,3,3,3,246,25,16,41,244.387,98,0,1,0,1,0,0,67,170,23,2,1,1,2,2,1,6150,0,0,2.4937446434954444,23,10019.867,0,0,1,Moderately Engaged
3,28,4,4,3,179,51,18,38,239.409,98,0,1,0,1,0,0,89,170,31,4,1,3,1,2,2,9129,0,0,2.442948730311354,31,9097.542,0,0,1,Moderately Engaged
20,28,4,6,3,260,50,11,36,239.409,98,0,1,4,1,0,0,65,168,23,3,1,1,1,2,1,13000,1,0,2.442948730311354,23,8618.724,0,1,1,Moderately Engaged
18,26,4,6,3,330,16,4,28,239.409,98,0,2,0,0,0,0,84,182,25,4,1,1,0,0,0,5280,1,0,2.442948730311354,0,6703.451999999999,0,0,1,Moderately Engaged
13,22,4,2,3,369,17,12,31,239.409,98,0,1,3,1,0,0,70,169,25,4,1,1,1,2,1,6273,0,1,2.442948730311354,25,7421.679,0,1,1,Moderately Engaged
33,26,4,2,3,248,25,14,47,239.409,98,0,1,2,0,0,1,86,165,32,4,1,3,2,2,1,6200,0,1,2.442948730311354,0,11252.223,0,0,1,Moderately Engaged
18,23,4,4,3,330,16,4,28,239.409,98,0,2,0,0,0,0,84,182,25,8,1,1,0,0,0,5280,0,0,2.442948730311354,0,6703.451999999999,0,0,1,Moderately Engaged
3,28,4,4,3,179,51,18,38,239.409,98,0,1,0,1,0,0,89,170,31,8,1,3,1,2,2,9129,0,0,2.442948730311354,31,9097.542,0,0,1,Moderately Engaged
36,23,4,2,3,118,13,18,50,239.409,98,0,1,1,1,0,0,98,178,31,1,1,3,2,2,2,1534,0,1,2.442948730311354,31,11970.449999999999,0,0,1,Moderately Engaged
36,13,4,4,3,118,13,18,50,239.409,98,0,1,1,1,0,0,98,178,31,26,2,3,2,2,2,1534,0,0,2.442948730311354,31,11970.449999999999,0,0,1,Moderately Engaged
26,28,4,6,3,300,26,13,43,239.409,98,0,1,2,1,1,1,77,175,25,8,1,1,2,2,2,7800,1,0,2.442948730311354,26,10294.587,0,0,1,Moderately Engaged
20,28,4,6,3,260,50,11,36,239.409,98,0,1,4,1,0,0,65,168,23,4,1,1,1,2,1,13000,1,0,2.442948730311354,23,8618.724,0,1,1,Moderately Engaged
3,28,4,2,3,179,51,18,38,239.409,98,0,1,0,1,0,0,89,170,31,4,1,3,1,2,2,9129,0,1,2.442948730311354,31,9097.542,0,0,1,Moderately Engaged
34,11,4,4,3,118,10,10,37,239.409,98,0,1,0,0,0,0,83,172,28,2,1,2,1,1,0,1180,0,0,2.442948730311354,0,8858.133,0,0,1,Moderately Engaged
5,13,5,2,3,235,20,13,43,246.074,99,0,1,1,1,0,0,106,167,38,16,2,3,2,2,2,4700,0,1,2.485595708525686,38,10581.182,0,0,2,At-Risk
33,23,5,4,3,248,25,14,47,246.074,99,0,1,2,0,0,1,86,165,32,2,1,3,2,2,1,6200,0,0,2.485595708525686,0,11565.478000000001,0,0,1,Moderately Engaged
13,10,5,2,3,369,17,12,31,246.074,99,0,1,3,1,0,0,70,169,25,8,1,1,1,2,1,6273,0,1,2.485595708525686,25,7628.294000000001,0,1,1,Moderately Engaged
22,23,5,4,3,179,26,9,30,246.074,99,0,3,0,0,0,0,56,171,19,3,1,1,0,1,0,4654,0,0,2.485595708525686,0,7382.22,0,0,1,Moderately Engaged
3,28,5,4,3,179,51,18,38,246.074,99,0,1,0,1,0,0,89,170,31,4,1,3,1,2,2,9129,0,0,2.485595708525686,31,9350.812,0,0,1,Moderately Engaged
10,23,5,5,3,361,52,3,28,246.074,99,0,1,1,1,0,4,80,172,27,1,1,2,0,0,1,18772,0,0,2.485595708525686,27,6890.072,0,0,1,Moderately Engaged
20,28,5,6,3,260,50,11,36,246.074,99,0,1,4,1,0,0,65,168,23,3,1,1,1,2,1,13000,1,0,2.485595708525686,23,8858.664,0,1,1,Moderately Engaged
17,11,5,2,3,179,22,17,40,246.074,99,0,2,2,0,1,0,63,170,22,2,1,1,1,2,1,3938,0,1,2.485595708525686,1,9842.960000000001,0,0,1,Moderately Engaged
17,8,5,2,3,179,22,17,40,246.074,99,0,2,2,0,1,0,63,170,22,3,1,1,1,2,1,3938,0,1,2.485595708525686,1,9842.960000000001,0,0,1,Moderately Engaged
9,18,5,4,3,228,14,16,58,246.074,99,0,1,2,0,0,1,65,172,22,8,1,1,3,2,0,3192,0,0,2.485595708525686,0,14272.292000000001,0,0,1,Moderately Engaged
28,25,5,4,3,225,26,9,28,246.074,99,0,1,1,0,0,2,69,169,24,3,1,1,0,1,0,5850,0,0,2.485595708525686,0,6890.072,0,0,1,Moderately Engaged
18,13,5,6,3,330,16,4,28,246.074,99,0,2,0,0,0,0,84,182,25,8,1,1,0,0,0,5280,1,0,2.485595708525686,0,6890.072,0,0,1,Moderately Engaged
22,25,5,2,3,179,26,9,30,246.074,99,0,3,0,0,0,0,56,171,19,2,1,1,0,1,0,4654,0,1,2.485595708525686,0,7382.22,0,0,1,Moderately Engaged
34,28,5,2,3,118,10,10,37,246.074,99,0,1,0,0,0,0,83,172,28,1,1,2,1,1,0,1180,0,1,2.485595708525686,0,9104.738000000001,0,0,1,Moderately Engaged
1,1,5,2,3,235,11,14,37,246.074,99,0,3,1,0,0,1,88,172,29,8,1,2,1,2,0,2585,0,1,2.485595708525686,0,9104.738000000001,0,0,1,Moderately Engaged
22,23,5,4,3,179,26,9,30,246.074,99,0,3,0,0,0,0,56,171,19,3,1,1,0,1,0,4654,0,0,2.485595708525686,0,7382.22,0,0,1,Moderately Engaged
34,23,6,2,3,118,10,10,37,253.957,95,0,1,0,0,0,0,83,172,28,3,1,2,1,1,0,1180,0,1,2.6732312975546,0,9396.409,0,0,1,Moderately Engaged
3,28,6,2,3,179,51,18,38,253.957,95,0,1,0,1,0,0,89,170,31,3,1,3,1,2,2,9129,0,1,2.6732312975546,31,9650.366,0,0,1,Moderately Engaged
34,28,6,3,3,118,10,10,37,253.957,95,0,1,0,0,0,0,83,172,28,2,1,2,1,1,0,1180,0,0,2.6732312975546,0,9396.409,0,0,1,Moderately Engaged
28,23,6,5,3,225,26,9,28,253.957,95,0,1,1,0,0,2,69,169,24,4,1,1,0,1,0,5850,0,0,2.6732312975546,0,7110.796,0,0,1,Moderately Engaged
20,28,6,6,3,260,50,11,36,253.957,95,0,1,4,1,0,0,65,168,23,4,1,1,1,2,1,13000,1,0,2.6732312975546,23,9142.452,0,1,1,Moderately Engaged
3,0,6,6,3,179,51,18,38,253.957,95,1,1,0,1,0,0,89,170,31,0,0,3,1,2,2,9129,1,0,2.6732312975546,31,9650.366,1,0,0,Highly Engaged
15,13,6,2,3,291,31,12,40,253.957,95,0,1,1,1,0,1,73,171,25,26,2,1,1,2,1,9021,0,1,2.6732312975546,25,10158.279999999999,0,0,2,At-Risk
3,28,6,2,3,179,51,18,38,253.957,95,0,1,0,1,0,0,89,170,31,24,2,3,1,2,2,9129,0,1,2.6732312975546,31,9650.366,0,0,1,Moderately Engaged
24,28,6,3,3,246,25,16,41,253.957,95,0,1,0,1,0,0,67,170,23,3,1,1,2,2,1,6150,0,0,2.6732312975546,23,10412.237,0,0,1,Moderately Engaged
3,28,6,2,3,179,51,18,38,253.957,95,0,1,0,1,0,0,89,170,31,4,1,3,1,2,2,9129,0,1,2.6732312975546,31,9650.366,0,0,1,Moderately Engaged
5,26,6,3,3,235,20,13,43,253.957,95,0,1,1,1,0,0,106,167,38,8,1,3,2,2,2,4700,0,0,2.6732312975546,38,10920.151,0,0,1,Moderately Engaged
3,28,6,2,1,179,51,18,38,253.957,95,0,1,0,1,0,0,89,170,31,2,1,3,1,2,2,9129,0,1,2.6732312975546,31,9650.366,0,0,1,Moderately Engaged
28,23,6,4,1,225,26,9,28,253.957,95,0,1,1,0,0,2,69,169,24,2,1,1,0,1,0,5850,0,0,2.6732312975546,0,7110.796,0,0,1,Moderately Engaged
36,23,6,4,1,118,13,18,50,253.957,95,0,1,1,1,0,0,98,178,31,2,1,3,2,2,2,1534,0,0,2.6732312975546,31,12697.85,0,0,1,Moderately Engaged
3,5,6,4,1,179,51,18,38,253.957,95,0,1,0,1,0,0,89,170,31,8,1,3,1,2,2,9129,0,0,2.6732312975546,31,9650.366,0,0,1,Moderately Engaged
22,21,6,4,1,179,26,9,30,253.957,95,0,3,0,0,0,0,56,171,19,2,1,1,0,1,0,4654,0,0,2.6732312975546,0,7618.71,0,0,1,Moderately Engaged
24,28,6,6,1,246,25,16,41,253.957,95,0,1,0,1,0,0,67,170,23,2,1,1,2,2,1,6150,1,0,2.6732312975546,23,10412.237,0,0,1,Moderately Engaged
18,11,6,3,1,330,16,4,28,253.957,95,0,2,0,0,0,0,84,182,25,1,1,1,0,0,0,5280,0,0,2.6732312975546,0,7110.796,0,0,1,Moderately Engaged
1,13,6,3,1,235,11,14,37,253.957,95,0,3,1,0,0,1,88,172,29,8,1,2,1,2,0,2585,0,0,2.6732312975546,0,9396.409,0,0,1,Moderately Engaged
22,23,7,5,1,179,26,9,30,230.29,92,0,3,0,0,0,0,56,171,19,2,1,1,0,1,0,4654,0,0,2.503151901831315,0,6908.7,0,0,1,Moderately Engaged
28,25,7,5,1,225,26,9,28,230.29,92,0,1,1,0,0,2,69,169,24,4,1,1,0,1,0,5850,0,0,2.503151901831315,0,6448.12,0,0,1,Moderately Engaged
20,13,7,6,1,260,50,11,36,230.29,92,0,1,4,1,0,0,65,168,23,8,1,1,1,2,1,13000,1,0,2.503151901831315,23,8290.44,0,1,1,Moderately Engaged
21,7,7,2,1,268,11,8,33,230.29,92,0,2,0,0,0,0,79,178,25,8,1,1,1,1,0,2948,0,1,2.503151901831315,0,7599.57,0,0,1,Moderately Engaged
18,25,7,6,1,330,16,4,28,230.29,92,0,2,0,0,0,0,84,182,25,8,1,1,0,0,0,5280,1,0,2.503151901831315,0,6448.12,0,0,1,Moderately Engaged
34,26,7,6,1,118,10,10,37,230.29,92,0,1,0,0,0,0,83,172,28,8,1,2,1,1,0,1180,1,0,2.503151901831315,0,8520.73,0,0,1,Moderately Engaged
20,26,7,2,1,260,50,11,36,230.29,92,0,1,4,1,0,0,65,168,23,4,1,1,1,2,1,13000,0,1,2.503151901831315,23,8290.44,0,1,1,Moderately Engaged
34,28,7,3,1,118,10,10,37,230.29,92,0,1,0,0,0,0,83,172,28,8,1,2,1,1,0,1180,0,0,2.503151901831315,0,8520.73,0,0,1,Moderately Engaged
26,15,7,2,1,300,26,13,43,230.29,92,0,1,2,1,1,1,77,175,25,8,1,1,2,2,2,7800,0,1,2.503151901831315,26,9902.47,0,0,2,At-Risk
2,23,7,2,1,235,29,12,48,230.29,92,0,1,1,0,1,5,88,163,33,1,1,3,2,2,2,6815,0,1,2.503151901831315,1,11053.92,0,0,1,Moderately Engaged
24,28,7,3,1,246,25,16,41,230.29,92,0,1,0,1,0,0,67,170,23,2,1,1,2,2,1,6150,0,0,2.503151901831315,23,9441.89,0,0,1,Moderately Engaged
28,9,7,3,1,225,26,9,28,230.29,92,0,1,1,0,0,2,69,169,24,26,2,1,0,1,0,5850,0,0,2.503151901831315,0,6448.12,0,0,1,Moderately Engaged
3,28,7,3,1,179,51,18,38,230.29,92,0,1,0,1,0,0,89,170,31,1,1,3,1,2,2,9129,0,0,2.503151901831315,31,8751.02,0,0,1,Moderately Engaged
36,23,7,6,1,118,13,18,50,230.29,92,0,1,1,1,0,0,98,178,31,1,1,3,2,2,2,1534,1,0,2.503151901831315,31,11514.5,0,0,1,Moderately Engaged
10,22,7,6,1,361,52,3,28,230.29,92,0,1,1,1,0,4,80,172,27,8,1,2,0,0,1,18772,1,0,2.503151901831315,27,6448.12,0,0,1,Moderately Engaged
11,22,7,2,1,289,36,13,33,230.29,92,0,1,2,1,0,1,90,172,30,8,1,2,1,2,2,10404,0,1,2.503151901831315,30,7599.57,0,0,1,Moderately Engaged
5,26,7,2,1,235,20,13,43,230.29,92,0,1,1,1,0,0,106,167,38,8,1,3,2,2,2,4700,0,1,2.503151901831315,38,9902.47,0,0,1,Moderately Engaged
24,28,7,3,1,246,25,16,41,230.29,92,0,1,0,1,0,0,67,170,23,2,1,1,2,2,1,6150,0,0,2.503151901831315,23,9441.89,0,0,1,Moderately Engaged
15,28,7,5,1,291,31,12,40,230.29,92,0,1,1,1,0,1,73,171,25,1,1,1,1,2,1,9021,0,0,2.503151901831315,25,9211.6,0,0,1,Moderately Engaged
7,23,7,5,1,279,5,14,39,230.29,92,0,1,2,1,1,0,68,168,24,2,1,1,1,2,2,1395,0,0,2.503151901831315,25,8981.31,0,0,1,Moderately Engaged
3,25,8,5,1,179,51,18,38,249.797,93,0,1,0,1,0,0,89,170,31,4,1,3,1,2,2,9129,0,0,2.6859889584958108,31,9492.286,0,0,1,Moderately Engaged
17,25,8,2,1,179,22,17,40,249.797,93,0,2,2,0,1,0,63,170,22,1,1,1,1,2,1,3938,0,1,2.6859889584958108,1,9991.88,0,0,1,Moderately Engaged
24,28,8,3,1,246,25,16,41,249.797,93,0,1,0,1,0,0,67,170,23,4,1,1,2,2,1,6150,0,0,2.6859889584958108,23,10241.677,0,0,1,Moderately Engaged
34,28,8,3,1,118,10,10,37,249.797,93,0,1,0,0,0,0,83,172,28,4,1,2,1,1,0,1180,0,0,2.6859889584958108,0,9242.489,0,0,1,Moderately Engaged
11,26,8,3,1,289,36,13,33,249.797,93,0,1,2,1,0,1,90,172,30,8,1,2,1,2,2,10404,0,0,2.6859889584958108,30,8243.301,0,0,1,Moderately Engaged
5,26,8,3,1,235,20,13,43,249.797,93,0,1,1,1,0,0,106,167,38,8,1,3,2,2,2,4700,0,0,2.6859889584958108,38,10741.271,0,0,1,Moderately Engaged
15,28,8,5,1,291,31,12,40,249.797,93,0,1,1,1,0,1,73,171,25,4,1,1,1,2,1,9021,0,0,2.6859889584958108,25,9991.88,0,0,1,Moderately Engaged
3,25,8,2,1,179,51,18,38,249.797,93,0,1,0,1,0,0,89,170,31,4,1,3,1,2,2,9129,0,1,2.6859889584958108,31,9492.286,0,0,1,Moderately Engaged
17,25,8,3,1,179,22,17,40,249.797,93,0,2,2,0,1,0,63,170,22,8,1,1,1,2,1,3938,0,0,2.6859889584958108,1,9991.88,0,0,1,Moderately Engaged
18,23,8,5,1,330,16,4,28,249.797,93,0,2,0,0,0,0,84,182,25,16,2,1,0,0,0,5280,0,0,2.6859889584958108,0,6994.316,0,0,1,Moderately Engaged
1,23,8,3,1,235,11,14,37,249.797,93,0,3,1,0,0,1,88,172,29,4,1,2,1,2,0,2585,0,0,2.6859889584958108,0,9242.489,0,0,1,Moderately Engaged
24,28,8,3,1,246,25,16,41,249.797,93,0,1,0,1,0,0,67,170,23,1,1,1,2,2,1,6150,0,0,2.6859889584958108,23,10241.677,0,0,1,Moderately Engaged
34,28,8,3,1,118,10,10,37,249.797,93,0,1,0,0,0,0,83,172,28,5,1,2,1,1,0,1180,0,0,2.6859889584958108,0,9242.489,0,0,1,Moderately Engaged
15,28,8,5,1,291,31,12,40,249.797,93,0,1,1,1,0,1,73,171,25,2,1,1,1,2,1,9021,0,0,2.6859889584958108,25,9991.88,0,0,1,Moderately Engaged
20,28,8,2,1,260,50,11,36,249.797,93,0,1,4,1,0,0,65,168,23,3,1,1,1,2,1,13000,0,1,2.6859889584958108,23,8992.692,0,1,1,Moderately Engaged
24,28,9,3,1,246,25,16,41,261.756,87,0,1,0,1,0,0,67,170,23,1,1,1,2,2,1,6150,0,0,3.008689309346056,23,10731.996,0,0,1,Moderately Engaged
24,28,9,3,1,246,25,16,41,261.756,87,0,1,0,1,0,0,67,170,23,1,1,1,2,2,1,6150,0,0,3.008689309346056,23,10731.996,0,0,1,Moderately Engaged
34,28,9,3,1,118,10,10,37,261.756,87,0,1,0,0,0,0,83,172,28,3,1,2,1,1,0,1180,0,0,3.008689309346056,0,9684.972,0,0,1,Moderately Engaged
14,23,9,3,1,155,12,14,34,261.756,87,0,1,2,1,0,0,95,196,25,2,1,1,1,2,1,1860,0,0,3.008689309346056,25,8899.704,0,0,1,Moderately Engaged
15,28,9,5,1,291,31,12,40,261.756,87,0,1,1,1,0,1,73,171,25,2,1,1,1,2,1,9021,0,0,3.008689309346056,25,10470.239999999998,0,0,1,Moderately Engaged
22,23,9,6,1,179,26,9,30,261.756,87,0,3,0,0,0,0,56,171,19,8,1,1,0,1,0,4654,1,0,3.008689309346056,0,7852.679999999999,0,0,1,Moderately Engaged
33,23,9,6,1,248,25,14,47,261.756,87,0,1,2,0,0,1,86,165,32,1,1,3,2,2,1,6200,1,0,3.008689309346056,0,12302.532,0,0,1,Moderately Engaged
3,23,9,2,1,179,51,18,38,261.756,87,0,1,0,1,0,0,89,170,31,4,1,3,1,2,2,9129,0,1,3.008689309346056,31,9946.728,0,0,1,Moderately Engaged
28,23,9,4,1,225,26,9,28,261.756,87,0,1,1,0,0,2,69,169,24,1,1,1,0,1,0,5850,0,0,3.008689309346056,0,7329.168,0,0,1,Moderately Engaged
22,23,9,2,1,179,26,9,30,261.756,87,0,3,0,0,0,0,56,171,19,2,1,1,0,1,0,4654,0,1,3.008689309346056,0,7852.679999999999,0,0,1,Moderately Engaged
13,23,9,3,4,369,17,12,31,261.756,87,0,1,3,1,0,0,70,169,25,8,1,1,1,2,1,6273,0,0,3.008689309346056,25,8114.435999999999,0,1,1,Moderately Engaged
10,22,9,3,4,361,52,3,28,261.756,87,0,1,1,1,0,4,80,172,27,8,1,2,0,0,1,18772,0,0,3.008689309346056,27,7329.168,0,0,1,Moderately Engaged
32,4,10,5,4,289,48,29,49,284.853,91,0,1,0,0,0,2,108,172,36,1,1,3,2,3,1,13872,0,0,3.1302524032689667,0,13957.797,0,0,1,Moderately Engaged
25,11,10,5,4,235,16,8,32,284.853,91,0,3,0,0,0,0,75,178,25,3,1,1,1,1,0,3760,0,0,3.1302524032689667,0,9115.296,0,0,1,Moderately Engaged
24,26,10,6,4,246,25,16,41,284.853,91,0,1,0,1,0,0,67,170,23,8,1,1,2,2,1,6150,1,0,3.1302524032689667,23,11678.973,0,0,1,Moderately Engaged
32,14,10,4,4,289,48,29,49,284.853,91,0,1,0,0,0,2,108,172,36,3,1,3,2,3,1,13872,0,0,3.1302524032689667,0,13957.797,0,0,1,Moderately Engaged
15,28,10,4,4,291,31,12,40,284.853,91,0,1,1,1,0,1,73,171,25,2,1,1,1,2,1,9021,0,0,3.1302524032689667,25,11394.12,0,0,1,Moderately Engaged
34,23,10,3,4,118,10,10,37,284.853,91,0,1,0,0,0,0,83,172,28,2,1,2,1,1,0,1180,0,0,3.1302524032689667,0,10539.561,0,0,1,Moderately Engaged
32,23,10,5,4,289,48,29,49,284.853,91,0,1,0,0,0,2,108,172,36,2,1,3,2,3,1,13872,0,0,3.1302524032689667,0,13957.797,0,0,1,Moderately Engaged
15,23,10,6,4,291,31,12,40,284.853,91,0,1,1,1,0,1,73,171,25,1,1,1,1,2,1,9021,1,0,3.1302524032689667,25,11394.12,0,0,1,Moderately Engaged
28,23,10,3,4,225,26,9,28,284.853,91,0,1,1,0,0,2,69,169,24,2,1,1,0,1,0,5850,0,0,3.1302524032689667,0,7975.884,0,0,1,Moderately Engaged
13,23,10,3,4,369,17,12,31,284.853,91,0,1,3,1,0,0,70,169,25,8,1,1,1,2,1,6273,0,0,3.1302524032689667,25,8830.443000000001,0,1,1,Moderately Engaged
13,23,10,3,4,369,17,12,31,284.853,91,0,1,3,1,0,0,70,169,25,3,1,1,1,2,1,6273,0,0,3.1302524032689667,25,8830.443000000001,0,1,1,Moderately Engaged
28,23,10,3,4,225,26,9,28,284.853,91,0,1,1,0,0,2,69,169,24,4,1,1,0,1,0,5850,0,0,3.1302524032689667,0,7975.884,0,0,1,Moderately Engaged
13,26,10,3,4,369,17,12,31,284.853,91,0,1,3,1,0,0,70,169,25,8,1,1,1,2,1,6273,0,0,3.1302524032689667,25,8830.443000000001,0,1,1,Moderately Engaged
3,28,10,4,4,179,51,18,38,284.853,91,0,1,0,1,0,0,89,170,31,3,1,3,1,2,2,9129,0,0,3.1302524032689667,31,10824.414,0,0,1,Moderately Engaged
9,1,10,4,4,228,14,16,58,284.853,91,0,1,2,0,0,1,65,172,22,1,1,1,3,2,0,3192,0,0,3.1302524032689667,0,16521.474000000002,0,0,1,Moderately Engaged
15,23,10,4,4,291,31,12,40,284.853,91,0,1,1,1,0,1,73,171,25,1,1,1,1,2,1,9021,0,0,3.1302524032689667,25,11394.12,0,0,1,Moderately Engaged
13,10,10,5,4,369,17,12,31,284.853,91,0,1,3,1,0,0,70,169,25,8,1,1,1,2,1,6273,0,0,3.1302524032689667,25,8830.443000000001,0,1,1,Moderately Engaged
28,13,10,5,4,225,26,9,28,284.853,91,0,1,1,0,0,2,69,169,24,1,1,1,0,1,0,5850,0,0,3.1302524032689667,0,7975.884,0,0,1,Moderately Engaged
13,10,10,6,4,369,17,12,31,284.853,91,0,1,3,1,0,0,70,169,25,8,1,1,1,2,1,6273,1,0,3.1302524032689667,25,8830.443000000001,0,1,1,Moderately Engaged
28,10,10,6,4,225,26,9,28,284.853,91,0,1,1,0,0,2,69,169,24,3,1,1,0,1,0,5850,1,0,3.1302524032689667,0,7975.884,0,0,1,Moderately Engaged
6,23,10,2,4,189,29,13,33,284.853,91,0,1,2,0,0,2,69,167,25,8,1,1,1,2,0,5481,0,1,3.1302524032689667,0,9400.149,0,0,1,Moderately Engaged
25,6,10,2,4,235,16,8,32,284.853,91,0,3,0,0,0,0,75,178,25,8,1,1,1,1,0,3760,0,1,3.1302524032689667,0,9115.296,0,0,1,Moderately Engaged
33,10,10,2,4,248,25,14,47,284.853,91,0,1,2,0,0,1,86,165,32,8,1,3,2,2,1,6200,0,1,3.1302524032689667,0,13388.091,0,0,1,Moderately Engaged
28,0,10,2,4,225,26,9,28,284.853,91,1,1,1,0,0,2,69,169,24,0,0,1,0,1,0,5850,0,1,3.1302524032689667,0,7975.884,1,0,0,Highly Engaged
28,13,10,3,4,225,26,9,28,284.853,91,0,1,1,0,0,2,69,169,24,3,1,1,0,1,0,5850,0,0,3.1302524032689667,0,7975.884,0,0,1,Moderately Engaged
3,21,11,3,4,179,51,18,38,268.519,93,0,1,0,1,0,0,89,170,31,1,1,3,1,2,2,9129,0,0,2.8873007648063695,31,10203.722,0,0,1,Moderately Engaged
34,28,11,4,4,118,10,10,37,268.519,93,0,1,0,0,0,0,83,172,28,3,1,2,1,1,0,1180,0,0,2.8873007648063695,0,9935.203,0,0,1,Moderately Engaged
18,2,11,4,4,330,16,4,28,268.519,93,0,2,0,0,0,0,84,182,25,24,2,1,0,0,0,5280,0,0,2.8873007648063695,0,7518.532,0,0,1,Moderately Engaged
3,28,11,6,4,179,51,18,38,268.519,93,0,1,0,1,0,0,89,170,31,1,1,3,1,2,2,9129,1,0,2.8873007648063695,31,10203.722,0,0,1,Moderately Engaged
34,9,11,3,4,118,10,10,37,268.519,93,0,1,0,0,0,0,83,172,28,8,1,2,1,1,0,1180,0,0,2.8873007648063695,0,9935.203,0,0,1,Moderately Engaged
11,24,11,4,4,289,36,13,33,268.519,93,0,1,2,1,0,1,90,172,30,8,1,2,1,2,2,10404,0,0,2.8873007648063695,30,8861.127,0,0,1,Moderately Engaged
25,1,11,6,4,235,16,8,32,268.519,93,0,3,0,0,0,0,75,178,25,8,1,1,1,1,0,3760,1,0,2.8873007648063695,0,8592.608,0,0,1,Moderately Engaged
28,23,11,6,4,225,26,9,28,268.519,93,0,1,1,0,0,2,69,169,24,4,1,1,0,1,0,5850,1,0,2.8873007648063695,0,7518.532,0,0,1,Moderately Engaged
10,22,11,3,4,361,52,3,28,268.519,93,0,1,1,1,0,4,80,172,27,8,1,2,0,0,1,18772,0,0,2.8873007648063695,27,7518.532,0,0,1,Moderately Engaged
15,28,11,4,4,291,31,12,40,268.519,93,0,1,1,1,0,1,73,171,25,2,1,1,1,2,1,9021,0,0,2.8873007648063695,25,10740.76,0,0,1,Moderately Engaged
34,13,11,5,4,118,10,10,37,268.519,93,0,1,0,0,0,0,83,172,28,2,1,2,1,1,0,1180,0,0,2.8873007648063695,0,9935.203,0,0,1,Moderately Engaged
28,14,11,5,4,225,26,9,28,268.519,93,0,1,1,0,0,2,69,169,24,3,1,1,0,1,0,5850,0,0,2.8873007648063695,0,7518.532,0,0,1,Moderately Engaged
3,28,11,2,4,179,51,18,38,268.519,93,0,1,0,1,0,0,89,170,31,1,1,3,1,2,2,9129,0,1,2.8873007648063695,31,10203.722,0,0,1,Moderately Engaged
34,23,11,2,4,118,10,10,37,268.519,93,0,1,0,0,0,0,83,172,28,8,1,2,1,1,0,1180,0,1,2.8873007648063695,0,9935.203,0,0,1,Moderately Engaged
34,8,11,3,4,118,10,10,37,268.519,93,0,1,0,0,0,0,83,172,28,8,1,2,1,1,0,1180,0,0,2.8873007648063695,0,9935.203,0,0,1,Moderately Engaged
28,23,11,3,4,225,26,9,28,268.519,93,0,1,1,0,0,2,69,169,24,2,1,1,0,1,0,5850,0,0,2.8873007648063695,0,7518.532,0,0,1,Moderately Engaged
15,0,11,3,4,291,31,12,40,268.519,93,1,1,1,1,0,1,73,171,25,0,0,1,1,2,1,9021,0,0,2.8873007648063695,25,10740.76,1,0,0,Highly Engaged
11,0,11,4,4,289,36,13,33,268.519,93,1,1,2,1,0,1,90,172,30,0,0,2,1,2,2,10404,0,0,2.8873007648063695,30,8861.127,1,0,0,Highly Engaged
33,14,11,5,4,248,25,14,47,268.519,93,0,1,2,0,0,1,86,165,32,4,1,3,2,2,1,6200,0,0,2.8873007648063695,0,12620.393,0,0,1,Moderately Engaged
5,0,11,5,4,235,20,13,43,268.519,93,1,1,1,1,0,0,106,167,38,0,0,3,2,2,2,4700,0,0,2.8873007648063695,38,11546.317000000001,1,0,0,Highly Engaged
28,23,11,6,4,225,26,9,28,268.519,93,0,1,1,0,0,2,69,169,24,2,1,1,0,1,0,5850,1,0,2.8873007648063695,0,7518.532,0,0,1,Moderately Engaged
13,26,11,6,4,369,17,12,31,268.519,93,0,1,3,1,0,0,70,169,25,8,1,1,1,2,1,6273,1,0,2.8873007648063695,25,8324.089,0,1,1,Moderately Engaged
10,28,11,2,4,361,52,3,28,268.519,93,0,1,1,1,0,4,80,172,27,2,1,2,0,0,1,18772,0,1,2.8873007648063695,27,7518.532,0,0,1,Moderately Engaged
3,13,12,3,4,179,51,18,38,280.549,98,0,1,0,1,0,0,89,170,31,26,2,3,1,2,2,9129,0,0,2.8627446058423867,31,10660.862,0,0,2,At-Risk
15,28,12,4,4,291,31,12,40,280.549,98,0,1,1,1,0,1,73,171,25,1,1,1,1,2,1,9021,0,0,2.8627446058423867,25,11221.96,0,0,1,Moderately Engaged
28,23,12,4,4,225,26,9,28,280.549,98,0,1,1,0,0,2,69,169,24,3,1,1,0,1,0,5850,0,0,2.8627446058423867,0,7855.371999999999,0,0,1,Moderately Engaged
22,13,12,6,4,179,26,9,30,280.549,98,0,3,0,0,0,0,56,171,19,1,1,1,0,1,0,4654,1,0,2.8627446058423867,0,8416.47,0,0,1,Moderately Engaged
28,23,12,6,4,225,26,9,28,280.549,98,0,1,1,0,0,2,69,169,24,3,1,1,0,1,0,5850,1,0,2.8627446058423867,0,7855.371999999999,0,0,1,Moderately Engaged
28,23,12,4,4,225,26,9,28,280.549,98,0,1,1,0,0,2,69,169,24,3,1,1,0,1,0,5850,0,0,2.8627446058423867,0,7855.371999999999,0,0,1,Moderately Engaged
10,14,12,5,4,361,52,3,28,280.549,98,0,1,1,1,0,4,80,172,27,4,1,2,0,0,1,18772,0,0,2.8627446058423867,27,7855.371999999999,0,0,1,Moderately Engaged
17,18,12,6,4,179,22,17,40,280.549,98,0,2,2,0,1,0,63,170,22,2,1,1,1,2,1,3938,1,0,2.8627446058423867,1,11221.96,0,0,1,Moderately Engaged
5,26,12,6,4,235,20,13,43,280.549,98,0,1,1,1,0,0,106,167,38,8,1,3,2,2,2,4700,1,0,2.8627446058423867,38,12063.607,0,0,1,Moderately Engaged
12,18,12,2,4,233,51,1,31,280.549,98,0,2,1,1,0,8,68,178,21,8,1,1,1,0,1,11883,0,1,2.8627446058423867,21,8697.019,0,0,1,Moderately Engaged
22,13,12,3,4,179,26,9,30,280.549,98,0,3,0,0,0,0,56,171,19,16,2,1,0,1,0,4654,0,0,2.8627446058423867,0,8416.47,0,0,2,At-Risk
28,23,12,3,4,225,26,9,28,280.549,98,0,1,1,0,0,2,69,169,24,2,1,1,0,1,0,5850,0,0,2.8627446058423867,0,7855.371999999999,0,0,1,Moderately Engaged
28,23,12,5,4,225,26,9,28,280.549,98,0,1,1,0,0,2,69,169,24,3,1,1,0,1,0,5850,0,0,2.8627446058423867,0,7855.371999999999,0,0,1,Moderately Engaged
28,23,12,2,4,225,26,9,28,280.549,98,0,1,1,0,0,2,69,169,24,2,1,1,0,1,0,5850,0,1,2.8627446058423867,0,7855.371999999999,0,0,1,Moderately Engaged
14,18,12,3,2,155,12,14,34,280.549,98,0,1,2,1,0,0,95,196,25,26,2,1,1,2,1,1860,0,0,2.8627446058423867,25,9538.666,0,0,2,At-Risk
22,12,1,2,2,179,26,9,30,313.532,96,0,3,0,0,0,0,56,171,19,24,2,1,0,1,0,4654,0,1,3.2659579931293754,0,9405.96,0,0,2,At-Risk
22,12,1,5,2,179,26,9,30,313.532,96,0,3,0,0,0,0,56,171,19,16,2,1,0,1,0,4654,0,0,3.2659579931293754,0,9405.96,0,0,2,At-Risk
17,25,1,5,2,179,22,17,40,313.532,96,0,2,2,0,1,0,63,170,22,2,1,1,1,2,1,3938,0,0,3.2659579931293754,1,12541.279999999999,0,0,1,Moderately Engaged
17,25,1,6,2,179,22,17,40,313.532,96,0,2,2,0,1,0,63,170,22,2,1,1,1,2,1,3938,1,0,3.2659579931293754,1,12541.279999999999,0,0,1,Moderately Engaged
22,13,1,2,2,179,26,9,30,313.532,96,0,3,0,0,0,0,56,171,19,3,1,1,0,1,0,4654,0,1,3.2659579931293754,0,9405.96,0,0,2,At-Risk
17,25,1,4,2,179,22,17,40,313.532,96,0,2,2,0,1,0,63,170,22,2,1,1,1,2,1,3938,0,0,3.2659579931293754,1,12541.279999999999,0,0,1,Moderately Engaged
32,10,1,5,2,289,48,29,49,313.532,96,0,1,0,0,0,2,108,172,36,8,1,3,2,3,1,13872,0,0,3.2659579931293754,0,15363.068,0,0,1,Moderately Engaged
17,18,1,6,2,179,22,17,40,313.532,96,0,2,2,0,1,0,63,170,22,3,1,1,1,2,1,3938,1,0,3.2659579931293754,1,12541.279999999999,0,0,1,Moderately Engaged
22,27,1,2,2,179,26,9,30,313.532,96,0,3,0,0,0,0,56,171,19,2,1,1,0,1,0,4654,0,1,3.2659579931293754,0,9405.96,0,0,1,Moderately Engaged
14,18,1,3,2,155,12,14,34,313.532,96,0,1,2,1,0,0,95,196,25,8,1,1,1,2,1,1860,0,0,3.2659579931293754,25,10660.088,0,0,1,Moderately Engaged
22,27,1,4,2,179,26,9,30,313.532,96,0,3,0,0,0,0,56,171,19,2,1,1,0,1,0,4654,0,0,3.2659579931293754,0,9405.96,0,0,1,Moderately Engaged
3,27,1,4,2,179,51,18,38,313.532,96,0,1,0,1,0,0,89,170,31,3,1,3,1,2,2,9129,0,0,3.2659579931293754,31,11914.215999999999,0,0,1,Moderately Engaged
11,13,1,4,2,289,36,13,33,313.532,96,0,1,2,1,0,1,90,172,30,8,1,2,1,2,2,10404,0,0,3.2659579931293754,30,10346.555999999999,0,0,1,Moderately Engaged
3,27,1,5,2,179,51,18,38,313.532,96,0,1,0,1,0,0,89,170,31,3,1,3,1,2,2,9129,0,0,3.2659579931293754,31,11914.215999999999,0,0,1,Moderately Engaged
3,27,1,6,2,179,51,18,38,313.532,96,0,1,0,1,0,0,89,170,31,2,1,3,1,2,2,9129,1,0,3.2659579931293754,31,11914.215999999999,0,0,1,Moderately Engaged
3,13,2,3,2,179,51,18,38,264.249,97,0,1,0,1,0,0,89,170,31,8,1,3,1,2,2,9129,0,0,2.7242162139983286,31,10041.462000000001,0,0,1,Moderately Engaged
28,23,2,3,2,225,26,9,28,264.249,97,0,1,1,0,0,2,69,169,24,3,1,1,0,1,0,5850,0,0,2.7242162139983286,0,7398.972000000001,0,0,1,Moderately Engaged
33,1,2,4,2,248,25,14,47,264.249,97,0,1,2,0,0,1,86,165,32,8,1,3,2,2,1,6200,0,0,2.7242162139983286,0,12419.703000000001,0,0,1,Moderately Engaged
3,27,2,4,2,179,51,18,38,264.249,97,0,1,0,1,0,0,89,170,31,2,1,3,1,2,2,9129,0,0,2.7242162139983286,31,10041.462000000001,0,0,1,Moderately Engaged
28,28,2,5,2,225,26,9,28,264.249,97,0,1,1,0,0,2,69,169,24,3,1,1,0,1,0,5850,0,0,2.7242162139983286,0,7398.972000000001,0,0,1,Moderately Engaged
3,27,2,5,2,179,51,18,38,264.249,97,0,1,0,1,0,0,89,170,31,2,1,3,1,2,2,9129,0,0,2.7242162139983286,31,10041.462000000001,0,0,1,Moderately Engaged
22,27,2,5,2,179,26,9,30,264.249,97,0,3,0,0,0,0,56,171,19,2,1,1,0,1,0,4654,0,0,2.7242162139983286,0,7927.470000000001,0,0,1,Moderately Engaged
29,28,2,6,2,225,15,15,41,264.249,97,0,4,2,1,0,2,94,182,28,2,1,2,2,2,1,3375,1,0,2.7242162139983286,28,10834.209,0,0,1,Moderately Engaged
3,27,2,6,2,179,51,18,38,264.249,97,0,1,0,1,0,0,89,170,31,2,1,3,1,2,2,9129,1,0,2.7242162139983286,31,10041.462000000001,0,0,1,Moderately Engaged
12,19,2,2,2,233,51,1,31,264.249,97,0,2,1,1,0,8,68,178,21,2,1,1,1,0,1,11883,0,1,2.7242162139983286,21,8191.719000000001,0,0,1,Moderately Engaged
3,27,2,2,2,179,51,18,38,264.249,97,0,1,0,1,0,0,89,170,31,2,1,3,1,2,2,9129,0,1,2.7242162139983286,31,10041.462000000001,0,0,1,Moderately Engaged
28,7,2,3,2,225,26,9,28,264.249,97,0,1,1,0,0,2,69,169,24,8,1,1,0,1,0,5850,0,0,2.7242162139983286,0,7398.972000000001,0,0,1,Moderately Engaged
3,27,2,4,2,179,51,18,38,264.249,97,0,1,0,1,0,0,89,170,31,3,1,3,1,2,2,9129,0,0,2.7242162139983286,31,10041.462000000001,0,0,1,Moderately Engaged
3,27,2,5,2,179,51,18,38,264.249,97,0,1,0,1,0,0,89,170,31,3,1,3,1,2,2,9129,0,0,2.7242162139983286,31,10041.462000000001,0,0,1,Moderately Engaged
28,25,2,5,2,225,26,9,28,264.249,97,0,1,1,0,0,2,69,169,24,3,1,1,0,1,0,5850,0,0,2.7242162139983286,0,7398.972000000001,0,0,1,Moderately Engaged
22,13,2,5,2,179,26,9,30,264.249,97,0,3,0,0,0,0,56,171,19,2,1,1,0,1,0,4654,0,0,2.7242162139983286,0,7927.470000000001,0,0,1,Moderately Engaged
17,23,2,6,2,179,22,17,40,264.249,97,0,2,2,0,1,0,63,170,22,2,1,1,1,2,1,3938,1,0,2.7242162139983286,1,10569.960000000001,0,0,1,Moderately Engaged
3,27,2,6,2,179,51,18,38,264.249,97,0,1,0,1,0,0,89,170,31,3,1,3,1,2,2,9129,1,0,2.7242162139983286,31,10041.462000000001,0,0,1,Moderately Engaged
12,12,2,4,2,233,51,1,31,264.249,97,0,2,1,1,0,8,68,178,21,3,1,1,1,0,1,11883,0,0,2.7242162139983286,21,8191.719000000001,0,0,1,Moderately Engaged
22,27,2,4,2,179,26,9,30,264.249,97,0,3,0,0,0,0,56,171,19,2,1,1,0,1,0,4654,0,0,2.7242162139983286,0,7927.470000000001,0,0,1,Moderately Engaged
3,27,2,4,2,179,51,18,38,264.249,97,0,1,0,1,0,0,89,170,31,2,1,3,1,2,2,9129,0,0,2.7242162139983286,31,10041.462000000001,0,0,1,Moderately Engaged
3,13,2,5,2,179,51,18,38,264.249,97,0,1,0,1,0,0,89,170,31,8,1,3,1,2,2,9129,0,0,2.7242162139983286,31,10041.462000000001,0,0,1,Moderately Engaged
3,27,2,6,2,179,51,18,38,264.249,97,0,1,0,1,0,0,89,170,31,2,1,3,1,2,2,9129,1,0,2.7242162139983286,31,10041.462000000001,0,0,1,Moderately Engaged
14,25,2,2,2,155,12,14,34,264.249,97,0,1,2,1,0,0,95,196,25,5,1,1,1,2,1,1860,0,1,2.7242162139983286,25,8984.466,0,0,1,Moderately Engaged
25,25,2,2,2,235,16,8,32,264.249,97,0,3,0,0,0,0,75,178,25,3,1,1,1,1,0,3760,0,1,2.7242162139983286,0,8455.968,0,0,1,Moderately Engaged
3,27,2,2,2,179,51,18,38,264.249,97,0,1,0,1,0,0,89,170,31,2,1,3,1,2,2,9129,0,1,2.7242162139983286,31,10041.462000000001,0,0,1,Moderately Engaged
28,7,2,2,2,225,26,9,28,264.249,97,0,1,1,0,0,2,69,169,24,2,1,1,0,1,0,5850,0,1,2.7242162139983286,0,7398.972000000001,0,0,1,Moderately Engaged
3,27,2,3,2,179,51,18,38,264.249,97,0,1,0,1,0,0,89,170,31,2,1,3,1,2,2,9129,0,0,2.7242162139983286,31,10041.462000000001,0,0,1,Moderately Engaged
33,23,2,3,2,248,25,14,47,264.249,97,0,1,2,0,0,1,86,165,32,2,1,3,2,2,1,6200,0,0,2.7242162139983286,0,12419.703000000001,0,0,1,Moderately Engaged
28,25,2,3,2,225,26,9,28,264.249,97,0,1,1,0,0,2,69,169,24,2,1,1,0,1,0,5850,0,0,2.7242162139983286,0,7398.972000000001,0,0,1,Moderately Engaged
3,27,2,4,2,179,51,18,38,264.249,97,0,1,0,1,0,0,89,170,31,2,1,3,1,2,2,9129,0,0,2.7242162139983286,31,10041.462000000001,0,0,1,Moderately Engaged
3,27,2,5,2,179,51,18,38,264.249,97,0,1,0,1,0,0,89,170,31,2,1,3,1,2,2,9129,0,0,2.7242162139983286,31,10041.462000000001,0,0,1,Moderately Engaged
25,25,2,6,2,235,16,8,32,264.249,97,0,3,0,0,0,0,75,178,25,2,1,1,1,1,0,3760,1,0,2.7242162139983286,0,8455.968,0,0,1,Moderately Engaged
3,27,3,2,2,179,51,18,38,222.196,99,0,1,0,1,0,0,89,170,31,2,1,3,1,2,2,9129,0,1,2.2444038136965845,31,8443.448,0,0,1,Moderately Engaged
33,23,3,2,2,248,25,14,47,222.196,99,0,1,2,0,0,1,86,165,32,2,1,3,2,2,1,6200,0,1,2.2444038136965845,0,10443.212,0,0,1,Moderately Engaged
9,25,3,3,2,228,14,16,58,222.196,99,0,1,2,0,0,1,65,172,22,3,1,1,3,2,0,3192,0,0,2.2444038136965845,0,12887.368,0,0,1,Moderately Engaged
33,25,3,3,2,248,25,14,47,222.196,99,0,1,2,0,0,1,86,165,32,3,1,3,2,2,1,6200,0,0,2.2444038136965845,0,10443.212,0,0,1,Moderately Engaged
9,12,3,3,2,228,14,16,58,222.196,99,0,1,2,0,0,1,65,172,22,26,2,1,3,2,0,3192,0,0,2.2444038136965845,0,12887.368,0,0,2,At-Risk
3,27,3,4,2,179,51,18,38,222.196,99,0,1,0,1,0,0,89,170,31,2,1,3,1,2,2,9129,0,0,2.2444038136965845,31,8443.448,0,0,1,Moderately Engaged
28,27,3,5,2,225,26,9,28,222.196,99,0,1,1,0,0,2,69,169,24,2,1,1,0,1,0,5850,0,0,2.2444038136965845,0,6221.488,0,0,1,Moderately Engaged
3,27,3,5,2,179,51,18,38,222.196,99,0,1,0,1,0,0,89,170,31,3,1,3,1,2,2,9129,0,0,2.2444038136965845,31,8443.448,0,0,1,Moderately Engaged
28,25,3,5,2,225,26,9,28,222.196,99,0,1,1,0,0,2,69,169,24,2,1,1,0,1,0,5850,0,0,2.2444038136965845,0,6221.488,0,0,1,Moderately Engaged
22,27,3,6,2,179,26,9,30,222.196,99,0,3,0,0,0,0,56,171,19,3,1,1,0,1,0,4654,1,0,2.2444038136965845,0,6665.88,0,0,1,Moderately Engaged
25,25,3,2,2,235,16,8,32,222.196,99,0,3,0,0,0,0,75,178,25,3,1,1,1,1,0,3760,0,1,2.2444038136965845,0,7110.272,0,0,1,Moderately Engaged
10,19,3,2,2,361,52,3,28,222.196,99,0,1,1,1,0,4,80,172,27,8,1,2,0,0,1,18772,0,1,2.2444038136965845,27,6221.488,0,0,1,Moderately Engaged
3,13,3,3,2,179,51,18,38,222.196,99,0,1,0,1,0,0,89,170,31,8,1,3,1,2,2,9129,0,0,2.2444038136965845,31,8443.448,0,0,1,Moderately Engaged
3,27,3,4,2,179,51,18,38,222.196,99,0,1,0,1,0,0,89,170,31,2,1,3,1,2,2,9129,0,0,2.2444038136965845,31,8443.448,0,0,1,Moderately Engaged
3,27,3,5,2,179,51,18,38,222.196,99,0,1,0,1,0,0,89,170,31,3,1,3,1,2,2,9129,0,0,2.2444038136965845,31,8443.448,0,0,1,Moderately Engaged
22,27,3,6,2,179,26,9,30,222.196,99,0,3,0,0,0,0,56,171,19,2,1,1,0,1,0,4654,1,0,2.2444038136965845,0,6665.88,0,0,1,Moderately Engaged
3,10,3,2,2,179,51,18,38,222.196,99,0,1,0,1,0,0,89,170,31,4,1,3,1,2,2,9129,0,1,2.2444038136965845,31,8443.448,0,0,1,Moderately Engaged
33,13,3,2,2,248,25,14,47,222.196,99,0,1,2,0,0,1,86,165,32,2,1,3,2,2,1,6200,0,1,2.2444038136965845,0,10443.212,0,0,1,Moderately Engaged
3,27,3,2,2,179,51,18,38,222.196,99,0,1,0,1,0,0,89,170,31,3,1,3,1,2,2,9129,0,1,2.2444038136965845,31,8443.448,0,0,1,Moderately Engaged
28,7,3,2,2,225,26,9,28,222.196,99,0,1,1,0,0,2,69,169,24,8,1,1,0,1,0,5850,0,1,2.2444038136965845,0,6221.488,0,0,1,Moderately Engaged
3,27,3,3,2,179,51,18,38,222.196,99,0,1,0,1,0,0,89,170,31,2,1,3,1,2,2,9129,0,0,2.2444038136965845,31,8443.448,0,0,1,Moderately Engaged
11,23,3,4,2,289,36,13,33,222.196,99,0,1,2,1,0,1,90,172,30,8,1,2,1,2,2,10404,0,0,2.2444038136965845,30,7332.468,0,0,1,Moderately Engaged
9,25,3,4,2,228,14,16,58,222.196,99,0,1,2,0,0,1,65,172,22,2,1,1,3,2,0,3192,0,0,2.2444038136965845,0,12887.368,0,0,1,Moderately Engaged
3,27,3,4,2,179,51,18,38,222.196,99,0,1,0,1,0,0,89,170,31,2,1,3,1,2,2,9129,0,0,2.2444038136965845,31,8443.448,0,0,1,Moderately Engaged
33,23,3,5,2,248,25,14,47,222.196,99,0,1,2,0,0,1,86,165,32,3,1,3,2,2,1,6200,0,0,2.2444038136965845,0,10443.212,0,0,1,Moderately Engaged
3,27,3,5,2,179,51,18,38,222.196,99,0,1,0,1,0,0,89,170,31,3,1,3,1,2,2,9129,0,0,2.2444038136965845,31,8443.448,0,0,1,Moderately Engaged
22,23,3,6,2,179,26,9,30,222.196,99,0,3,0,0,0,0,56,171,19,2,1,1,0,1,0,4654,1,0,2.2444038136965845,0,6665.88,0,0,1,Moderately Engaged
3,27,3,6,2,179,51,18,38,222.196,99,0,1,0,1,0,0,89,170,31,3,1,3,1,2,2,9129,1,0,2.2444038136965845,31,8443.448,0,0,1,Moderately Engaged
3,27,3,3,3,179,51,18,38,222.196,99,0,1,0,1,0,0,89,170,31,3,1,3,1,2,2,9129,0,0,2.2444038136965845,31,8443.448,0,0,1,Moderately Engaged
16,23,3,4,3,118,15,24,46,222.196,99,0,1,2,1,1,0,75,175,25,8,1,1,2,3,2,1770,0,0,2.2444038136965845,26,10221.016,0,0,1,Moderately Engaged
14,13,3,4,3,155,12,14,34,222.196,99,0,1,2,1,0,0,95,196,25,24,2,1,1,2,1,1860,0,0,2.2444038136965845,25,7554.664,0,0,2,At-Risk
3,27,3,4,3,179,51,18,38,222.196,99,0,1,0,1,0,0,89,170,31,3,1,3,1,2,2,9129,0,0,2.2444038136965845,31,8443.448,0,0,1,Moderately Engaged
3,27,3,5,3,179,51,18,38,222.196,99,0,1,0,1,0,0,89,170,31,3,1,3,1,2,2,9129,0,0,2.2444038136965845,31,8443.448,0,0,1,Moderately Engaged
22,13,3,2,3,179,26,9,30,222.196,99,0,3,0,0,0,0,56,171,19,2,1,1,0,1,0,4654,0,1,2.2444038136965845,0,6665.88,0,0,1,Moderately Engaged
11,19,3,2,3,289,36,13,33,222.196,99,0,1,2,1,0,1,90,172,30,26,2,2,1,2,2,10404,0,1,2.2444038136965845,30,7332.468,0,0,2,At-Risk
13,22,3,4,3,369,17,12,31,222.196,99,0,1,3,1,0,0,70,169,25,8,1,1,1,2,1,6273,0,0,2.2444038136965845,25,6888.076,0,1,1,Moderately Engaged
28,13,4,2,3,225,26,9,28,246.288,91,0,1,1,0,0,2,69,169,24,8,1,1,0,1,0,5850,0,1,2.706461241048215,0,6896.064,0,0,1,Moderately Engaged
34,10,4,2,3,118,10,10,37,246.288,91,0,1,0,0,0,0,83,172,28,8,1,2,1,1,0,1180,0,1,2.706461241048215,0,9112.656,0,0,1,Moderately Engaged
10,19,4,3,3,361,52,3,28,246.288,91,0,1,1,1,0,4,80,172,27,8,1,2,0,0,1,18772,0,0,2.706461241048215,27,6896.064,0,0,1,Moderately Engaged
33,19,4,4,3,248,25,14,47,246.288,91,0,1,2,0,0,1,86,165,32,8,1,3,2,2,1,6200,0,0,2.706461241048215,0,11575.536,0,0,1,Moderately Engaged
6,13,4,5,3,189,29,13,33,246.288,91,0,1,2,0,0,2,69,167,25,8,1,1,1,2,0,5481,0,0,2.706461241048215,0,8127.504000000001,0,0,1,Moderately Engaged
22,27,4,6,3,179,26,9,30,246.288,91,0,3,0,0,0,0,56,171,19,2,1,1,0,1,0,4654,1,0,2.706461241048215,0,7388.64,0,0,1,Moderately Engaged
13,7,4,2,3,369,17,12,31,246.288,91,0,1,3,1,0,0,70,169,25,24,2,1,1,2,1,6273,0,1,2.706461241048215,25,7634.928,0,1,2,At-Risk
17,16,4,3,3,179,22,17,40,246.288,91,0,2,2,0,1,0,63,170,22,2,1,1,1,2,1,3938,0,0,2.706461241048215,1,9851.52,0,0,1,Moderately Engaged
36,23,4,3,3,118,13,18,50,246.288,91,0,1,1,1,0,0,98,178,31,3,1,3,2,2,2,1534,0,0,2.706461241048215,31,12314.400000000001,0,0,1,Moderately Engaged
10,23,4,3,3,361,52,3,28,246.288,91,0,1,1,1,0,4,80,172,27,2,1,2,0,0,1,18772,0,0,2.706461241048215,27,6896.064,0,0,1,Moderately Engaged
34,10,4,4,3,118,10,10,37,246.288,91,0,1,0,0,0,0,83,172,28,2,1,2,1,1,0,1180,0,0,2.706461241048215,0,9112.656,0,0,1,Moderately Engaged
1,22,4,6,3,235,11,14,37,246.288,91,0,3,1,0,0,1,88,172,29,8,1,2,1,2,0,2585,1,0,2.706461241048215,0,9112.656,0,0,1,Moderately Engaged
22,27,4,6,3,179,26,9,30,246.288,91,0,3,0,0,0,0,56,171,19,2,1,1,0,1,0,4654,1,0,2.706461241048215,0,7388.64,0,0,1,Moderately Engaged
28,19,4,2,3,225,26,9,28,246.288,91,0,1,1,0,0,2,69,169,24,8,1,1,0,1,0,5850,0,1,2.706461241048215,0,6896.064,0,0,1,Moderately Engaged
25,16,4,3,3,235,16,8,32,246.288,91,0,3,0,0,0,0,75,178,25,3,1,1,1,1,0,3760,0,0,2.706461241048215,0,7881.216,0,0,1,Moderately Engaged
22,27,4,6,3,179,26,9,30,246.288,91,0,3,0,0,0,0,56,171,19,2,1,1,0,1,0,4654,1,0,2.706461241048215,0,7388.64,0,0,1,Moderately Engaged
14,28,4,3,3,155,12,14,34,246.288,91,0,1,2,1,0,0,95,196,25,4,1,1,1,2,1,1860,0,0,2.706461241048215,25,8373.792000000001,0,0,1,Moderately Engaged
28,19,4,5,3,225,26,9,28,246.288,91,0,1,1,0,0,2,69,169,24,8,1,1,0,1,0,5850,0,0,2.706461241048215,0,6896.064,0,0,1,Moderately Engaged
36,14,4,5,3,118,13,18,50,246.288,91,0,1,1,1,0,0,98,178,31,2,1,3,2,2,2,1534,0,0,2.706461241048215,31,12314.400000000001,0,0,1,Moderately Engaged
22,27,4,6,3,179,26,9,30,246.288,91,0,3,0,0,0,0,56,171,19,2,1,1,0,1,0,4654,1,0,2.706461241048215,0,7388.64,0,0,1,Moderately Engaged
1,22,5,2,3,235,11,14,37,237.656,99,0,3,1,0,0,1,88,172,29,8,1,2,1,2,0,2585,0,1,2.400565414084302,0,8793.272,0,0,1,Moderately Engaged
29,19,5,4,3,225,15,15,41,237.656,99,0,4,2,1,0,2,94,182,28,3,1,2,2,2,1,3375,0,0,2.400565414084302,28,9743.896,0,0,1,Moderately Engaged
25,28,5,4,3,235,16,8,32,237.656,99,0,3,0,0,0,0,75,178,25,2,1,1,1,1,0,3760,0,0,2.400565414084302,0,7604.992,0,0,1,Moderately Engaged
34,8,5,4,3,118,10,10,37,237.656,99,0,1,0,0,0,0,83,172,28,3,1,2,1,1,0,1180,0,0,2.400565414084302,0,8793.272,0,0,1,Moderately Engaged
5,26,5,4,3,235,20,13,43,237.656,99,0,1,1,1,0,0,106,167,38,8,1,3,2,2,2,4700,0,0,2.400565414084302,38,10219.208,0,0,1,Moderately Engaged
22,13,5,5,3,179,26,9,30,237.656,99,0,3,0,0,0,0,56,171,19,1,1,1,0,1,0,4654,0,0,2.400565414084302,0,7129.68,0,0,1,Moderately Engaged
15,28,5,5,3,291,31,12,40,237.656,99,0,1,1,1,0,1,73,171,25,2,1,1,1,2,1,9021,0,0,2.400565414084302,25,9506.24,0,0,1,Moderately Engaged
29,14,5,5,3,225,15,15,41,237.656,99,0,4,2,1,0,2,94,182,28,8,1,2,2,2,1,3375,0,0,2.400565414084302,28,9743.896,0,0,1,Moderately Engaged
26,19,5,6,3,300,26,13,43,237.656,99,0,1,2,1,1,1,77,175,25,26,2,1,2,2,2,7800,1,0,2.400565414084302,26,10219.208,0,0,2,At-Risk
29,22,5,6,3,225,15,15,41,237.656,99,0,4,2,1,0,2,94,182,28,8,1,2,2,2,1,3375,1,0,2.400565414084302,28,9743.896,0,0,1,Moderately Engaged
22,27,5,6,3,179,26,9,30,237.656,99,0,3,0,0,0,0,56,171,19,2,1,1,0,1,0,4654,1,0,2.400565414084302,0,7129.68,0,0,1,Moderately Engaged
36,23,5,2,3,118,13,18,50,237.656,99,0,1,1,1,0,0,98,178,31,2,1,3,2,2,2,1534,0,1,2.400565414084302,31,11882.800000000001,0,0,1,Moderately Engaged
36,5,5,3,3,118,13,18,50,237.656,99,0,1,1,1,0,0,98,178,31,3,1,3,2,2,2,1534,0,0,2.400565414084302,31,11882.800000000001,0,0,1,Moderately Engaged
34,28,5,3,3,118,10,10,37,237.656,99,0,1,0,0,0,0,83,172,28,1,1,2,1,1,0,1180,0,0,2.400565414084302,0,8793.272,0,0,1,Moderately Engaged
36,0,5,3,3,118,13,18,50,237.656,99,1,1,1,1,0,0,98,178,31,0,0,3,2,2,2,1534,0,0,2.400565414084302,31,11882.800000000001,1,0,0,Highly Engaged
22,27,5,4,3,179,26,9,30,237.656,99,0,3,0,0,0,0,56,171,19,2,1,1,0,1,0,4654,0,0,2.400565414084302,0,7129.68,0,0,1,Moderately Engaged
23,0,5,4,3,378,49,11,36,237.656,99,1,1,2,0,1,4,65,174,21,0,0,1,1,2,1,18522,0,0,2.400565414084302,1,8555.616,1,0,0,Highly Engaged
17,16,5,6,3,179,22,17,40,237.656,99,0,2,2,0,1,0,63,170,22,1,1,1,1,2,1,3938,1,0,2.400565414084302,1,9506.24,0,0,1,Moderately Engaged
14,10,5,2,3,155,12,14,34,237.656,99,0,1,2,1,0,0,95,196,25,26,2,1,1,2,1,1860,0,1,2.400565414084302,25,8080.304,0,0,2,At-Risk
25,10,5,2,3,235,16,8,32,237.656,99,0,3,0,0,0,0,75,178,25,8,1,1,1,1,0,3760,0,1,2.400565414084302,0,7604.992,0,0,1,Moderately Engaged
15,22,5,4,3,291,31,12,40,237.656,99,0,1,1,1,0,1,73,171,25,8,1,1,1,2,1,9021,0,0,2.400565414084302,25,9506.24,0,0,1,Moderately Engaged
17,10,5,4,3,179,22,17,40,237.656,99,0,2,2,0,1,0,63,170,22,8,1,1,1,2,1,3938,0,0,2.400565414084302,1,9506.24,0,0,1,Moderately Engaged
28,6,5,4,3,225,26,9,28,237.656,99,0,1,1,0,0,2,69,169,24,3,1,1,0,1,0,5850,0,0,2.400565414084302,0,6654.368,0,0,1,Moderately Engaged
18,10,5,5,3,330,16,4,28,237.656,99,0,2,0,0,0,0,84,182,25,8,1,1,0,0,0,5280,0,0,2.400565414084302,0,6654.368,0,0,1,Moderately Engaged
25,23,5,5,3,235,16,8,32,237.656,99,0,3,0,0,0,0,75,178,25,2,1,1,1,1,0,3760,0,0,2.400565414084302,0,7604.992,0,0,1,Moderately Engaged
15,28,5,5,3,291,31,12,40,237.656,99,0,1,1,1,0,1,73,171,25,2,1,1,1,2,1,9021,0,0,2.400565414084302,25,9506.24,0,0,1,Moderately Engaged
22,27,5,6,3,179,26,9,30,237.656,99,0,3,0,0,0,0,56,171,19,2,1,1,0,1,0,4654,1,0,2.400565414084302,0,7129.68,0,0,1,Moderately Engaged
10,7,5,2,3,361,52,3,28,237.656,99,0,1,1,1,0,4,80,172,27,8,1,2,0,0,1,18772,0,1,2.400565414084302,27,6654.368,0,0,1,Moderately Engaged
14,23,5,4,3,155,12,14,34,237.656,99,0,1,2,1,0,0,95,196,25,2,1,1,1,2,1,1860,0,0,2.400565414084302,25,8080.304,0,0,1,Moderately Engaged
17,25,5,6,3,179,22,17,40,237.656,99,0,2,2,0,1,0,63,170,22,8,1,1,1,2,1,3938,1,0,2.400565414084302,1,9506.24,0,0,1,Moderately Engaged
14,10,5,6,3,155,12,14,34,237.656,99,0,1,2,1,0,0,95,196,25,8,1,1,1,2,1,1860,1,0,2.400565414084302,25,8080.304,0,0,1,Moderately Engaged
28,11,5,2,3,225,26,9,28,237.656,99,0,1,1,0,0,2,69,169,24,1,1,1,0,1,0,5850,0,1,2.400565414084302,0,6654.368,0,0,1,Moderately Engaged
16,7,6,4,3,118,15,24,46,275.089,96,0,1,2,1,1,0,75,175,25,8,1,1,2,3,2,1770,0,0,2.8655101181760294,26,12654.094,0,0,1,Moderately Engaged
22,27,6,4,3,179,26,9,30,275.089,96,0,3,0,0,0,0,56,171,19,3,1,1,0,1,0,4654,0,0,2.8655101181760294,0,8252.67,0,0,1,Moderately Engaged
34,26,6,6,3,118,10,10,37,275.089,96,0,1,0,0,0,0,83,172,28,8,1,2,1,1,0,1180,1,0,2.8655101181760294,0,10178.293,0,0,1,Moderately Engaged
34,10,6,4,3,118,10,10,37,275.089,96,0,1,0,0,0,0,83,172,28,8,1,2,1,1,0,1180,0,0,2.8655101181760294,0,10178.293,0,0,1,Moderately Engaged
23,22,6,5,3,378,49,11,36,275.089,96,0,1,2,0,1,4,65,174,21,8,1,1,1,2,1,18522,0,0,2.8655101181760294,1,9903.204,0,0,1,Moderately Engaged
36,19,6,5,3,118,13,18,50,275.089,96,0,1,1,1,0,0,98,178,31,24,2,3,2,2,2,1534,0,0,2.8655101181760294,31,13754.45,0,0,2,At-Risk
12,19,6,6,3,233,51,1,31,275.089,96,0,2,1,1,0,8,68,178,21,8,1,1,1,0,1,11883,1,0,2.8655101181760294,21,8527.759,0,0,1,Moderately Engaged
22,27,6,6,3,179,26,9,30,275.089,96,0,3,0,0,0,0,56,171,19,2,1,1,0,1,0,4654,1,0,2.8655101181760294,0,8252.67,0,0,1,Moderately Engaged
2,0,6,2,3,235,29,12,48,275.089,96,1,1,1,0,1,5,88,163,33,0,0,3,2,2,2,6815,0,1,2.8655101181760294,1,13204.272,1,0,0,Highly Engaged
21,0,6,2,3,268,11,8,33,275.089,96,1,2,0,0,0,0,79,178,25,0,0,1,1,1,0,2948,0,1,2.8655101181760294,0,9077.937,1,0,0,Highly Engaged
36,19,6,5,3,118,13,18,50,275.089,96,0,1,1,1,0,0,98,178,31,3,1,3,2,2,2,1534,0,0,2.8655101181760294,31,13754.45,0,0,2,At-Risk
22,13,6,5,3,179,26,9,30,275.089,96,0,3,0,0,0,0,56,171,19,2,1,1,0,1,0,4654,0,0,2.8655101181760294,0,8252.67,0,0,1,Moderately Engaged
15,28,6,5,3,291,31,12,40,275.089,96,0,1,1,1,0,1,73,171,25,2,1,1,1,2,1,9021,0,0,2.8655101181760294,25,11003.56,0,0,1,Moderately Engaged
22,13,6,2,1,179,26,9,30,275.089,96,0,3,0,0,0,0,56,171,19,3,1,1,0,1,0,4654,0,1,2.8655101181760294,0,8252.67,0,0,1,Moderately Engaged
34,25,6,2,1,118,10,10,37,275.089,96,0,1,0,0,0,0,83,172,28,3,1,2,1,1,0,1180,0,1,2.8655101181760294,0,10178.293,0,0,1,Moderately Engaged
12,22,6,5,1,233,51,1,31,275.089,96,0,2,1,1,0,8,68,178,21,8,1,1,1,0,1,11883,0,0,2.8655101181760294,21,8527.759,0,0,1,Moderately Engaged
34,8,6,6,1,118,10,10,37,275.089,96,0,1,0,0,0,0,83,172,28,2,1,2,1,1,0,1180,1,0,2.8655101181760294,0,10178.293,0,0,1,Moderately Engaged
34,10,6,4,1,118,10,10,37,275.089,96,0,1,0,0,0,0,83,172,28,3,1,2,1,1,0,1180,0,0,2.8655101181760294,0,10178.293,0,0,1,Moderately Engaged
12,22,6,4,1,233,51,1,31,275.089,96,0,2,1,1,0,8,68,178,21,3,1,1,1,0,1,11883,0,0,2.8655101181760294,21,8527.759,0,0,1,Moderately Engaged
5,26,7,4,1,235,20,13,43,264.604,93,0,1,1,1,0,0,106,167,38,4,1,3,2,2,2,4700,0,0,2.845203995139355,38,11377.972,0,0,1,Moderately Engaged
12,19,7,6,1,233,51,1,31,264.604,93,0,2,1,1,0,8,68,178,21,2,1,1,1,0,1,11883,1,0,2.845203995139355,21,8202.724,0,0,1,Moderately Engaged
9,6,7,2,1,228,14,16,58,264.604,93,0,1,2,0,0,1,65,172,22,8,1,1,3,2,0,3192,0,1,2.845203995139355,0,15347.032,0,0,2,At-Risk
34,28,7,2,1,118,10,10,37,264.604,93,0,1,0,0,0,0,83,172,28,4,1,2,1,1,0,1180,0,1,2.845203995139355,0,9790.348,0,0,1,Moderately Engaged
9,6,7,3,1,228,14,16,58,264.604,93,0,1,2,0,0,1,65,172,22,26,2,1,3,2,0,3192,0,0,2.845203995139355,0,15347.032,0,0,2,At-Risk
6,22,7,3,1,189,29,13,33,264.604,93,0,1,2,0,0,2,69,167,25,16,2,1,1,2,0,5481,0,0,2.845203995139355,0,8731.931999999999,0,0,1,Moderately Engaged
34,23,7,4,1,118,10,10,37,264.604,93,0,1,0,0,0,0,83,172,28,2,1,2,1,1,0,1180,0,0,2.845203995139355,0,9790.348,0,0,1,Moderately Engaged
10,22,7,4,1,361,52,3,28,264.604,93,0,1,1,1,0,4,80,172,27,8,1,2,0,0,1,18772,0,0,2.845203995139355,27,7408.911999999999,0,0,1,Moderately Engaged
28,22,7,4,1,225,26,9,28,264.604,93,0,1,1,0,0,2,69,169,24,8,1,1,0,1,0,5850,0,0,2.845203995139355,0,7408.911999999999,0,0,1,Moderately Engaged
13,13,7,2,1,369,17,12,31,264.604,93,0,1,3,1,0,0,70,169,25,26,2,1,1,2,1,6273,0,1,2.845203995139355,25,8202.724,0,1,2,At-Risk
11,14,7,3,1,289,36,13,33,264.604,93,0,1,2,1,0,1,90,172,30,8,1,2,1,2,2,10404,0,0,2.845203995139355,30,8731.931999999999,0,0,1,Moderately Engaged
1,11,7,3,1,235,11,14,37,264.604,93,0,3,1,0,0,1,88,172,29,4,1,2,1,2,0,2585,0,0,2.845203995139355,0,9790.348,0,0,1,Moderately Engaged
4,0,3,3,1,118,14,13,40,271.219,95,0,1,1,1,0,8,98,170,34,0,0,3,1,2,2,1652,0,0,2.854936541585627,34,10848.76,1,0,0,Highly Engaged
8,0,3,4,2,231,35,14,39,271.219,95,0,1,2,1,0,2,100,170,35,0,0,3,1,2,2,8085,0,0,2.854936541585627,35,10577.541,1,0,0,Highly Engaged
35,0,3,6,3,179,45,14,53,271.219,95,0,1,1,0,0,1,77,175,25,0,0,1,3,2,0,8055,1,0,2.854936541585627,0,14374.607,1,0,0,Highly Engaged
